-- ============================================================
-- FILE: insert_data.sql
-- PURPOSE: Insert all data from the Excel file into our tables
-- ============================================================

USE StartupFundingDB;

-- Disable checks temporarily for faster insert
SET FOREIGN_KEY_CHECKS = 0;

-- ============================================================
-- INSERT: City table
-- ============================================================
INSERT INTO City (city_id, city_name) VALUES
  (1, 'Mumbai'),
  (2, 'Bengaluru'),
  (3, 'Hyderabad'),
  (4, 'Gurugram'),
  (5, 'Delhi'),
  (6, 'Kolkata'),
  (7, 'Ahmedabad'),
  (8, 'Pune'),
  (9, 'Noida'),
  (10, 'Chennai');

-- ============================================================
-- INSERT: Industry table
-- ============================================================
INSERT INTO Industry (industry_id, industry_name) VALUES
  (1, 'EdTech'),
  (2, 'Media'),
  (3, 'Mobility'),
  (4, 'Consumer Electronics'),
  (5, 'RealEstate'),
  (6, 'Retail'),
  (7, 'FoodTech'),
  (8, 'FinTech'),
  (9, 'SaaS'),
  (10, 'Logistics'),
  (11, 'HealthTech'),
  (12, 'Enterprise'),
  (13, 'AgriTech'),
  (14, 'E-commerce');

-- ============================================================
-- INSERT: SubVertical table
-- ============================================================
INSERT INTO SubVertical (sub_vertical_id, sub_vertical_name, industry_id) VALUES
  (1, 'K12', 1),
  (2, 'Streaming', 2),
  (3, 'Ride Sharing', 3),
  (4, 'Wearables', 4),
  (5, 'Rental Tech', 5),
  (6, 'Coding Bootcamp', 1),
  (7, 'Fashion', 6),
  (8, 'Food Delivery', 7),
  (9, 'Test Prep', 1),
  (10, 'NeoBank', 8),
  (11, 'DevTools', 9),
  (12, 'InsurTech', 8),
  (13, 'Last Mile', 10),
  (14, 'Micro Mobility', 3),
  (15, 'Pharmacy', 11),
  (16, 'UpSkilling', 1),
  (17, 'Security', 12),
  (18, 'Health Analytics', 11),
  (19, 'E-Retail', 6),
  (20, 'Marketplace', 13),
  (21, 'Lending', 8),
  (22, 'PropTech', 5),
  (23, 'EV', 3),
  (24, 'Fleet Management', 10),
  (25, 'Grocery', 7),
  (26, 'Analytics', 12),
  (27, 'Supply Chain', 13),
  (28, 'Telemedicine', 11),
  (29, 'Content', 2),
  (30, 'Social', 2),
  (31, 'Audio', 4),
  (32, 'Quick Commerce', 14),
  (33, 'Smart Home', 4),
  (34, 'Home Services', 5),
  (35, 'HRTech', 9),
  (36, 'Automation', 12),
  (37, 'Payments', 8),
  (38, 'Smart Farming', 13),
  (39, 'B2B SaaS', 9),
  (40, 'WealthTech', 8),
  (41, 'Cloud Kitchen', 7),
  (42, 'MarTech', 9),
  (43, 'D2C', 14),
  (44, 'Diagnostics', 11);

-- ============================================================
-- INSERT: InvestmentType table
-- ============================================================
INSERT INTO InvestmentType (investment_type_id, type_name) VALUES
  (1, 'Seed'),
  (2, 'Series B'),
  (3, 'Pre-Series A'),
  (4, 'Growth'),
  (5, 'Debt'),
  (6, 'Private Equity'),
  (7, 'Series A'),
  (8, 'Pre-Seed'),
  (9, 'Angel'),
  (10, 'Series C'),
  (11, 'Series D'),
  (12, 'Bridge');

-- ============================================================
-- INSERT: Investor table
-- ============================================================
INSERT INTO Investor (investor_id, investor_name) VALUES
  (1, 'Lightspeed India'),
  (2, 'IFC'),
  (3, 'Nexus Venture Partners'),
  (4, 'Peak XV'),
  (5, 'Kalaari Capital'),
  (6, 'Y Combinator'),
  (7, 'Bessemer Venture Partners'),
  (8, 'Matrix Partners India'),
  (9, 'Tiger Global Management'),
  (10, 'Blume Ventures'),
  (11, 'A91 Partners'),
  (12, 'Kedaara Capital'),
  (13, 'Mirae Asset'),
  (14, 'SoftBank Vision Fund'),
  (15, 'Tiger Global'),
  (16, 'Falcon Edge'),
  (17, 'Elevation Capital'),
  (18, 'Ventures India'),
  (19, 'Prosus Ventures'),
  (20, 'Accel'),
  (21, 'Ribbit Capital'),
  (22, 'Zodius Capital'),
  (23, 'LCatterton'),
  (24, 'Sequoia Capital India'),
  (25, 'Info Edge'),
  (26, 'Omidyar Network');

-- ============================================================
-- INSERT: Startup table
-- ============================================================
INSERT INTO Startup (startup_id, startup_name, city_id, industry_id, sub_vertical_id) VALUES
  (1, 'Housejoy', 1, 1, 1),
  (2, 'Groww', 2, 2, 2),
  (3, 'FarmBox', 4, 4, 4),
  (4, 'Udaan', 1, 5, 5),
  (5, 'AeroStack', 5, 1, 6),
  (6, 'Ola', 1, 6, 7),
  (7, 'FinSpace', 4, 4, 4),
  (8, 'Rapido', 6, 7, 8),
  (9, 'HyperLoop', 7, 1, 9),
  (10, 'NextSense_10', 5, 3, 3),
  (11, 'LogiMart', 1, 8, 10),
  (12, 'CoreFlow', 3, 9, 11),
  (13, 'ClearDekho', 8, 10, 13),
  (14, 'NextSense', 3, 3, 14),
  (15, 'Zomato', 1, 11, 15),
  (16, 'FarmTech', 9, 1, 16),
  (17, 'Innovaccer', 2, 12, 17),
  (18, 'CureFit', 9, 11, 18),
  (19, 'WorkPay', 7, 12, 17),
  (20, 'Mobikwik', 8, 6, 19),
  (21, 'Freshworks', 5, 13, 20),
  (22, 'EduTech', 8, 8, 21),
  (23, 'HomeFoods', 10, 5, 22),
  (24, 'QuantumSolutions', 9, 3, 23),
  (25, 'Swiggy', 2, 11, 15),
  (26, 'HyperLabs', 10, 3, 3),
  (27, 'DriveEdge_29', 4, 6, 7),
  (28, 'NeoTech', 3, 10, 24),
  (29, 'CloudLabs', 5, 7, 25),
  (30, 'SmartTech', 7, 6, 7),
  (31, 'Bounce', 3, 12, 26),
  (32, 'HomeMart', 6, 13, 27),
  (33, 'NimbusLabs', 1, 11, 28),
  (34, 'SmartMart_37', 6, 1, 9),
  (35, 'Dunzo', 4, 2, 29),
  (36, 'AeroHub', 1, 2, 30),
  (37, 'QuantumDrive', 2, 6, 7),
  (38, 'AgriFit', 9, 7, 8),
  (39, 'SkillFlow', 8, 8, 12),
  (40, 'FreshSolutions', 10, 3, 3),
  (41, 'DriveLoop', 2, 4, 31),
  (42, 'BlueSpace', 10, 7, 8),
  (43, 'NextFlow', 2, 14, 32),
  (44, 'MediWorks', 7, 5, 22),
  (45, 'Porter', 3, 6, 19),
  (46, 'UrbanSolutions', 1, 2, 30),
  (47, 'Unacademy', 4, 10, 27),
  (48, 'SkillSolutions', 1, 3, 3),
  (49, 'Nykaa', 9, 4, 33),
  (50, 'HealthAnalytics', 5, 4, 4),
  (51, 'NeoLabs_65', 2, 5, 5),
  (52, 'QuantumAnalytics', 7, 4, 4),
  (53, 'Practo', 4, 6, 19),
  (54, 'Dream11', 7, 6, 25),
  (55, 'InMobi', 10, 2, 29),
  (56, 'Razorpay', 8, 7, 25),
  (57, 'DataAnalytics', 7, 5, 34),
  (58, 'FoodFit', 6, 3, 3),
  (59, 'CoreConnect', 9, 12, 26),
  (60, 'Chargebee', 2, 5, 34),
  (61, 'Dailyhunt', 1, 2, 29),
  (62, 'FreshTech', 1, 3, 23),
  (63, 'AgriHive', 9, 1, 6),
  (64, 'CRED', 8, 10, 27),
  (65, 'Delhivery', 8, 8, 37),
  (66, 'GreenConnect', 5, 7, 25),
  (67, 'AutoMart', 2, 13, 20),
  (68, 'Wakefit', 2, 5, 5),
  (69, 'LogiSense', 10, 10, 27),
  (70, 'AeroAnalytics', 3, 12, 26),
  (71, 'NeoSense', 6, 1, 9),
  (72, 'Oyo', 1, 4, 31),
  (73, 'NeoLabs', 8, 10, 13),
  (74, 'PharmEasy', 7, 9, 11),
  (75, 'AutoStack', 5, 14, 32),
  (76, 'PhonePe', 2, 11, 15),
  (77, 'EduMart', 1, 3, 14),
  (78, 'GreenEdge', 8, 1, 6),
  (79, 'FreshBox', 10, 7, 8),
  (80, 'GrowthFlow', 3, 5, 5),
  (81, 'BlueTech', 10, 13, 20),
  (82, 'FarmFit', 2, 13, 27),
  (83, 'CloudSolutions', 6, 14, 32),
  (84, 'Lenskart', 6, 6, 7),
  (85, 'HomeAnalytics', 9, 11, 28),
  (86, 'EduBox_144', 1, 9, 35),
  (87, 'FinFoods', 5, 4, 33),
  (88, 'DataHive', 5, 14, 25),
  (89, 'WorkStack_149', 10, 14, 25),
  (90, 'HealthRise', 3, 11, 15),
  (91, 'Myntra', 5, 1, 1),
  (92, 'GrowthConnect', 5, 6, 7),
  (93, 'FinSense', 8, 8, 12),
  (94, 'BharatPe', 9, 10, 27),
  (95, 'FinSense_162', 5, 12, 17),
  (96, 'Cars24', 7, 7, 41),
  (97, 'ShareChat', 9, 14, 25),
  (98, 'SmartMart', 5, 4, 33),
  (99, 'NextStack', 1, 2, 29),
  (100, 'AgriSense', 3, 9, 35),
  (101, 'EduMart_176', 7, 12, 17),
  (102, 'FreshSolutions_178', 8, 6, 7),
  (103, 'EduBox', 1, 9, 42),
  (104, 'CloudPay', 2, 1, 6),
  (105, 'SkillRise', 9, 8, 12),
  (106, 'DriveFit', 7, 1, 1),
  (107, 'CoreSpace', 10, 8, 37),
  (108, 'WorkStack', 5, 3, 23),
  (109, 'FoodLoop', 3, 13, 20),
  (110, 'HomeMart_208', 4, 2, 30),
  (111, 'Flipkart', 6, 3, 14),
  (112, 'Zepto', 2, 5, 22),
  (113, 'HealthWorks', 4, 14, 25),
  (114, 'NoBroker', 2, 7, 41),
  (115, 'LogiRise', 2, 2, 30),
  (116, 'NimbusMart', 6, 3, 23),
  (117, 'FoodSolutions', 2, 1, 9),
  (118, 'Postman', 10, 1, 9),
  (119, 'NimbusLabs_243', 9, 9, 42),
  (120, 'FinFoods_246', 7, 7, 25),
  (121, 'WorkPay_256', 8, 3, 23),
  (122, 'SmartTech_258', 10, 12, 36),
  (123, 'GreenMart', 9, 7, 8),
  (124, 'WorkFit', 8, 7, 25),
  (125, 'UrbanDrive', 10, 3, 23),
  (126, 'DataEdge', 9, 3, 14),
  (127, 'Paytm', 1, 14, 32),
  (128, 'BlueRise', 2, 7, 8),
  (129, 'Byju''s', 9, 13, 27),
  (130, 'HyperSpace', 1, 5, 22),
  (131, 'Meesho', 5, 5, 5),
  (132, 'Urban Company', 4, 5, 22),
  (133, 'FreshTech_329', 9, 1, 1),
  (134, 'UrbanStack', 10, 4, 4),
  (135, 'SmartCare', 4, 14, 32),
  (136, 'Licious', 6, 4, 33),
  (137, 'FreshToHome', 8, 12, 36),
  (138, 'DriveEdge', 4, 14, 43),
  (139, 'NextSense_395', 10, 2, 2),
  (140, 'MediSpace', 7, 11, 44),
  (141, 'BigBasket', 3, 2, 2),
  (142, 'NimbusWorks', 3, 13, 20),
  (143, 'DataAnalytics_423', 6, 14, 7),
  (144, 'AutoFlow', 6, 10, 27),
  (145, 'GrowthCare', 1, 5, 22),
  (146, 'ClearTax', 5, 12, 36),
  (147, 'QuantumSolutions_441', 10, 1, 6),
  (148, 'MediHive', 5, 11, 18),
  (149, 'WorkPay_557', 5, 3, 3),
  (150, 'DriveFit_560', 4, 4, 31),
  (151, 'NeoSense_564', 7, 6, 25),
  (152, 'CloudSolutions_576', 2, 1, 9),
  (153, 'QuantumAnalytics_589', 8, 8, 40),
  (154, 'SmartTech_599', 3, 2, 30),
  (155, 'SkillFlow_602', 1, 5, 22),
  (156, 'GreenConnect_630', 5, 9, 39),
  (157, 'FreshTech_651', 4, 6, 25),
  (158, 'CloudSolutions_682', 5, 14, 25),
  (159, 'FinFoods_744', 9, 12, 26),
  (160, 'SmartCare_770', 8, 3, 23),
  (161, 'AutoStack_777', 2, 10, 24),
  (162, 'HyperSpace_791', 1, 2, 30),
  (163, 'SkillFlow_806', 6, 6, 7),
  (164, 'HealthWorks_839', 8, 1, 6),
  (165, 'FarmFit_840', 10, 3, 14),
  (166, 'NimbusLabs_846', 6, 9, 42),
  (167, 'HyperLoop_850', 6, 4, 33),
  (168, 'AeroAnalytics_861', 6, 2, 2),
  (169, 'NeoLabs_904', 1, 3, 23),
  (170, 'AutoFlow_933', 2, 7, 25),
  (171, 'LogiMart_960', 5, 6, 25),
  (172, 'SmartMart_989', 6, 5, 5),
  (173, 'WorkStack_1002', 10, 13, 38),
  (174, 'MediHive_1008', 4, 4, 31),
  (175, 'MediSpace_1029', 7, 6, 19),
  (176, 'FinFoods_1034', 2, 5, 34),
  (177, 'NeoSense_1062', 5, 12, 36),
  (178, 'NeoLabs_1063', 9, 12, 36),
  (179, 'CoreConnect_1085', 10, 1, 9),
  (180, 'HealthAnalytics_1095', 8, 7, 8);

-- ============================================================
-- INSERT: FundingRound table
-- ============================================================
INSERT INTO FundingRound (round_id, startup_id, investment_type_id, amount_usd, funding_date) VALUES
  (1, 1, 1, 199000, '2023-04-19'),
  (2, 2, 1, 1668000, '2025-01-28'),
  (3, 2, 2, 38052000, '2021-03-14'),
  (4, 3, 1, 455000, '2023-09-11'),
  (5, 4, 1, 89000, '2024-01-31'),
  (6, 5, 3, 143000, '2021-07-24'),
  (7, 6, 1, 62000, '2023-01-12'),
  (8, 7, 4, 491721000, '2025-01-22'),
  (9, 8, 1, 459000, '2023-11-27'),
  (10, 9, 2, 35610000, '2020-05-04'),
  (11, 10, 1, 54000, '2020-05-19'),
  (12, 11, 3, 933000, '2023-04-10'),
  (13, 12, 3, 680000, '2023-10-07'),
  (14, 2, 5, 374000, '2020-07-23'),
  (15, 13, 6, 151993000, '2024-12-05'),
  (16, 14, 7, 1643000, '2024-07-10'),
  (17, 15, 6, 201485000, '2024-02-29'),
  (18, 16, 7, 4142000, '2025-01-28'),
  (19, 17, 8, 54000, '2024-04-28'),
  (20, 18, 2, 11211000, '2023-02-22'),
  (21, 19, 7, 5243000, '2022-05-30'),
  (22, 20, 1, 84000, '2021-05-26'),
  (23, 21, 9, 12000, '2021-04-29'),
  (24, 22, 10, 53939000, '2022-04-23'),
  (25, 5, 1, 269000, '2025-02-23'),
  (26, 23, 1, 905000, '2024-11-05'),
  (27, 24, 1, 104000, '2020-02-26'),
  (28, 25, 1, 333000, '2022-06-08'),
  (29, 26, 9, 29000, '2021-01-24'),
  (30, 27, 3, 111000, '2020-05-23'),
  (31, 28, 2, 26948000, '2021-10-30'),
  (32, 29, 7, 1587000, '2021-09-08'),
  (33, 30, 2, 5988000, '2022-08-10'),
  (34, 3, 2, 69429000, '2021-08-04'),
  (35, 31, 1, 1762000, '2021-02-11'),
  (36, 32, 3, 643000, '2023-07-13'),
  (37, 33, 10, 45633000, '2021-03-24'),
  (38, 34, 1, 72000, '2022-08-09'),
  (39, 6, 3, 483000, '2025-01-31'),
  (40, 3, 10, 65870000, '2022-12-03'),
  (41, 35, 1, 78000, '2021-10-16'),
  (42, 36, 3, 313000, '2021-11-08'),
  (43, 37, 11, 54120000, '2024-04-16'),
  (44, 38, 2, 62216000, '2023-01-23'),
  (45, 39, 2, 10246000, '2024-06-22'),
  (46, 40, 7, 6014000, '2023-09-19'),
  (47, 41, 1, 158000, '2021-11-01'),
  (48, 42, 1, 341000, '2020-06-16'),
  (49, 43, 12, 376000, '2021-02-12'),
  (50, 44, 12, 99000, '2022-08-10'),
  (51, 45, 1, 1788000, '2020-02-22'),
  (52, 46, 7, 8159000, '2024-08-28'),
  (53, 1, 1, 1600000, '2022-05-27'),
  (54, 37, 2, 59765000, '2024-08-24'),
  (55, 39, 7, 5049000, '2024-02-06'),
  (56, 47, 10, 242794000, '2023-03-13'),
  (57, 33, 3, 123000, '2021-06-13'),
  (58, 48, 1, 103000, '2022-04-12'),
  (59, 3, 1, 59000, '2021-03-29'),
  (60, 49, 1, 166000, '2024-03-07'),
  (61, 39, 1, 210000, '2024-03-01'),
  (62, 29, 12, 136000, '2022-12-10'),
  (63, 29, 8, 135000, '2022-12-29'),
  (64, 4, 2, 13444000, '2024-03-21'),
  (65, 50, 12, 141000, '2021-06-01'),
  (66, 51, 1, 370000, '2024-07-19'),
  (67, 11, 7, 1465000, '2023-06-20'),
  (68, 52, 5, 14625000, '2021-09-17'),
  (69, 53, 1, 66000, '2020-06-15'),
  (70, 35, 7, 14477000, '2023-05-01'),
  (71, 50, 9, 51000, '2024-06-01'),
  (72, 45, 9, 9000, '2024-08-19'),
  (73, 54, 2, 5077000, '2023-03-11'),
  (74, 55, 12, 1012000, '2022-10-21'),
  (75, 56, 7, 6782000, '2020-02-22'),
  (76, 57, 8, 107000, '2024-03-28'),
  (77, 6, 7, 8074000, '2024-07-25'),
  (78, 21, 11, 59295000, '2021-11-06'),
  (79, 58, 1, 188000, '2021-05-31'),
  (80, 59, 7, 1369000, '2020-04-21'),
  (81, 60, 1, 1207000, '2023-01-29'),
  (82, 61, 8, 84000, '2023-07-14'),
  (83, 62, 1, 169000, '2024-09-19'),
  (84, 1, 9, 6000, '2021-08-20'),
  (85, 63, 1, 157000, '2021-01-25'),
  (86, 64, 9, 13000, '2022-11-05'),
  (87, 50, 5, 9315000, '2022-09-29'),
  (88, 63, 7, 5621000, '2021-10-21'),
  (89, 44, 1, 1319000, '2022-08-26'),
  (90, 19, 12, 285000, '2021-11-10'),
  (91, 61, 8, 26000, '2020-10-22'),
  (92, 35, 7, 6900000, '2022-03-25'),
  (93, 52, 4, 372329000, '2020-03-14'),
  (94, 30, 12, 396000, '2024-04-06'),
  (95, 65, 10, 161346000, '2021-08-23'),
  (96, 66, 1, 309000, '2020-06-10'),
  (97, 44, 7, 4119000, '2021-06-04'),
  (98, 55, 1, 242000, '2022-06-23'),
  (99, 65, 7, 1071000, '2021-09-10'),
  (100, 63, 7, 1339000, '2023-12-03'),
  (101, 67, 9, 5000, '2024-03-06'),
  (102, 23, 7, 5604000, '2023-10-20'),
  (103, 68, 1, 159000, '2022-06-21'),
  (104, 69, 1, 326000, '2020-09-27'),
  (105, 70, 9, 76000, '2025-04-17'),
  (106, 42, 10, 39284000, '2021-04-07'),
  (107, 20, 1, 227000, '2020-09-10'),
  (108, 18, 1, 812000, '2021-04-23'),
  (109, 71, 9, 10000, '2021-09-10'),
  (110, 72, 1, 66000, '2023-01-05'),
  (111, 49, 3, 195000, '2024-02-29'),
  (112, 73, 1, 91000, '2022-06-29'),
  (113, 53, 9, 81000, '2023-08-13'),
  (114, 48, 2, 46994000, '2023-08-07'),
  (115, 32, 1, 517000, '2024-04-16'),
  (116, 74, 8, 149000, '2024-10-24'),
  (117, 75, 8, 127000, '2024-06-05'),
  (118, 76, 1, 100000, '2022-05-12'),
  (119, 77, 7, 11213000, '2021-03-29'),
  (120, 72, 1, 366000, '2022-09-07'),
  (121, 6, 7, 8905000, '2020-05-14'),
  (122, 71, 7, 11321000, '2023-05-24'),
  (123, 78, 10, 47319000, '2022-03-27'),
  (124, 26, 1, 75000, '2024-08-30'),
  (125, 68, 10, 37077000, '2023-02-13'),
  (126, 79, 4, 154344000, '2024-01-16'),
  (127, 62, 1, 1022000, '2022-09-14'),
  (128, 43, 7, 10287000, '2024-07-11'),
  (129, 80, 8, 20000, '2021-07-13'),
  (130, 81, 1, 329000, '2024-02-26'),
  (131, 46, 1, 233000, '2021-10-26'),
  (132, 9, 1, 113000, '2023-09-17'),
  (133, 39, 3, 132000, '2021-08-03'),
  (134, 82, 1, 174000, '2025-04-20'),
  (135, 83, 2, 68288000, '2020-12-25'),
  (136, 23, 1, 165000, '2024-10-30'),
  (137, 26, 1, 339000, '2022-04-09'),
  (138, 84, 11, 252342000, '2025-02-26'),
  (139, 5, 1, 191000, '2024-11-17'),
  (140, 85, 2, 73980000, '2022-12-22'),
  (141, 43, 1, 1741000, '2020-10-26'),
  (142, 9, 12, 127000, '2023-07-10'),
  (143, 77, 1, 313000, '2025-06-11'),
  (144, 72, 1, 152000, '2022-11-05'),
  (145, 86, 2, 11014000, '2025-06-24'),
  (146, 13, 7, 1105000, '2024-06-09'),
  (147, 87, 12, 474000, '2022-07-11'),
  (148, 88, 8, 64000, '2023-12-20'),
  (149, 14, 10, 22992000, '2023-10-22'),
  (150, 89, 1, 140000, '2024-01-22'),
  (151, 90, 12, 1426000, '2023-12-01'),
  (152, 62, 2, 9715000, '2024-08-24'),
  (153, 17, 3, 140000, '2021-01-04'),
  (154, 91, 1, 304000, '2021-08-28'),
  (155, 92, 7, 14428000, '2020-11-11'),
  (156, 54, 3, 175000, '2023-10-17'),
  (157, 77, 9, 37000, '2021-02-01'),
  (158, 61, 7, 7866000, '2022-05-07'),
  (159, 93, 7, 1903000, '2020-07-29'),
  (160, 94, 1, 734000, '2022-06-14'),
  (161, 85, 1, 194000, '2022-10-25'),
  (162, 90, 11, 214425000, '2023-08-24'),
  (163, 95, 10, 111204000, '2022-08-18'),
  (164, 76, 7, 4267000, '2024-01-29'),
  (165, 30, 3, 123000, '2024-06-13'),
  (166, 60, 2, 50673000, '2023-03-23'),
  (167, 96, 3, 209000, '2023-03-14'),
  (168, 97, 7, 1657000, '2022-11-05'),
  (169, 82, 3, 110000, '2020-05-18'),
  (170, 15, 1, 442000, '2021-12-22'),
  (171, 98, 10, 125287000, '2020-05-09'),
  (172, 82, 7, 1046000, '2024-07-27'),
  (173, 87, 1, 331000, '2024-06-25'),
  (174, 58, 7, 1847000, '2022-10-15'),
  (175, 99, 7, 5738000, '2024-08-11'),
  (176, 100, 7, 1604000, '2024-01-09'),
  (177, 101, 5, 7325000, '2021-07-16'),
  (178, 59, 12, 208000, '2020-10-19'),
  (179, 102, 3, 864000, '2025-04-28'),
  (180, 103, 7, 1451000, '2022-12-20'),
  (181, 24, 7, 2518000, '2022-03-03'),
  (182, 77, 1, 76000, '2020-10-04'),
  (183, 6, 2, 64925000, '2023-01-31'),
  (184, 14, 10, 215209000, '2022-11-07'),
  (185, 104, 3, 181000, '2023-03-18'),
  (186, 69, 3, 457000, '2024-01-08'),
  (187, 2, 7, 9144000, '2023-10-24'),
  (188, 81, 9, 26000, '2020-04-23'),
  (189, 72, 9, 24000, '2021-04-06'),
  (190, 50, 1, 122000, '2023-07-04'),
  (191, 31, 7, 1287000, '2023-04-04'),
  (192, 42, 1, 1369000, '2025-04-26'),
  (193, 105, 1, 1385000, '2025-05-13'),
  (194, 59, 7, 5554000, '2022-09-18'),
  (195, 26, 1, 175000, '2022-01-28'),
  (196, 55, 1, 181000, '2020-07-17'),
  (197, 36, 10, 142830000, '2025-03-27'),
  (198, 14, 4, 533548000, '2022-10-15'),
  (199, 106, 3, 771000, '2020-04-13'),
  (200, 107, 1, 888000, '2021-06-25'),
  (201, 4, 3, 439000, '2021-08-14'),
  (202, 103, 1, 68000, '2025-06-19'),
  (203, 42, 7, 1549000, '2022-04-02'),
  (204, 108, 7, 11397000, '2022-11-21'),
  (205, 109, 7, 5167000, '2022-11-04'),
  (206, 65, 1, 52000, '2020-08-12'),
  (207, 80, 7, 1316000, '2024-01-17'),
  (208, 84, 10, 120606000, '2022-02-17'),
  (209, 110, 8, 20000, '2021-10-04'),
  (210, 111, 4, 76432000, '2024-02-15'),
  (211, 71, 1, 379000, '2020-12-20'),
  (212, 38, 7, 6512000, '2021-01-28'),
  (213, 65, 2, 30480000, '2023-11-14'),
  (214, 48, 3, 168000, '2025-06-30'),
  (215, 66, 1, 692000, '2022-06-24'),
  (216, 39, 1, 120000, '2024-02-26'),
  (217, 112, 1, 166000, '2021-11-07'),
  (218, 14, 10, 150998000, '2021-08-11'),
  (219, 113, 7, 5808000, '2024-01-20'),
  (220, 114, 5, 19590000, '2022-03-24'),
  (221, 96, 7, 5935000, '2020-08-07'),
  (222, 33, 1, 407000, '2020-08-18'),
  (223, 115, 2, 6483000, '2024-06-07'),
  (224, 29, 10, 54137000, '2022-11-21'),
  (225, 68, 1, 133000, '2021-05-23'),
  (226, 7, 7, 1936000, '2023-03-19'),
  (227, 97, 2, 74232000, '2022-08-11'),
  (228, 70, 2, 14870000, '2025-04-10'),
  (229, 85, 7, 11198000, '2023-05-25'),
  (230, 107, 10, 110486000, '2023-10-25'),
  (231, 77, 1, 938000, '2024-08-24'),
  (232, 19, 1, 319000, '2021-02-24'),
  (233, 116, 7, 4770000, '2023-02-18'),
  (234, 57, 7, 3795000, '2020-04-02'),
  (235, 113, 1, 103000, '2021-01-03'),
  (236, 37, 3, 528000, '2023-10-30'),
  (237, 1, 1, 141000, '2025-06-27'),
  (238, 57, 3, 106000, '2022-02-15'),
  (239, 117, 10, 114859000, '2022-05-08'),
  (240, 76, 1, 96000, '2020-03-09'),
  (241, 118, 7, 12766000, '2023-01-10'),
  (242, 116, 1, 1687000, '2023-05-09'),
  (243, 85, 12, 1461000, '2024-12-06'),
  (244, 119, 1, 196000, '2022-05-02'),
  (245, 3, 10, 20855000, '2025-02-16'),
  (246, 105, 1, 1535000, '2021-11-07'),
  (247, 120, 7, 3188000, '2024-11-24'),
  (248, 78, 12, 1769000, '2020-02-01'),
  (249, 1, 2, 72324000, '2023-12-12'),
  (250, 44, 7, 10074000, '2023-08-21'),
  (251, 97, 1, 148000, '2024-01-19'),
  (252, 12, 4, 138147000, '2024-02-27'),
  (253, 105, 3, 710000, '2024-09-02'),
  (254, 42, 7, 2359000, '2024-02-09'),
  (255, 73, 7, 1582000, '2024-09-14'),
  (256, 118, 1, 390000, '2023-07-15'),
  (257, 121, 1, 1580000, '2023-07-30'),
  (258, 76, 3, 497000, '2020-02-04'),
  (259, 122, 10, 93643000, '2025-02-06'),
  (260, 68, 1, 72000, '2022-12-14'),
  (261, 99, 7, 5288000, '2021-05-13'),
  (262, 123, 7, 14601000, '2023-07-28'),
  (263, 124, 7, 1461000, '2024-10-23'),
  (264, 56, 7, 4070000, '2020-04-05'),
  (265, 24, 1, 1272000, '2024-10-07'),
  (266, 16, 9, 46000, '2021-09-04'),
  (267, 125, 10, 132064000, '2020-10-13'),
  (268, 4, 11, 252031000, '2021-11-28'),
  (269, 67, 10, 52945000, '2022-07-11'),
  (270, 46, 1, 148000, '2023-06-20'),
  (271, 2, 3, 645000, '2024-05-24'),
  (272, 31, 3, 646000, '2021-07-06'),
  (273, 126, 3, 736000, '2020-02-23'),
  (274, 31, 4, 556750000, '2020-01-26'),
  (275, 124, 7, 3994000, '2023-11-04'),
  (276, 99, 1, 318000, '2021-09-05'),
  (277, 11, 1, 950000, '2020-08-07'),
  (278, 67, 7, 5813000, '2022-05-31'),
  (279, 104, 1, 666000, '2023-11-24'),
  (280, 46, 1, 942000, '2023-02-28'),
  (281, 81, 12, 1333000, '2021-03-05'),
  (282, 64, 1, 174000, '2021-09-12'),
  (283, 9, 7, 2765000, '2023-05-09'),
  (284, 37, 7, 1290000, '2025-02-15'),
  (285, 11, 8, 76000, '2023-08-14'),
  (286, 127, 1, 57000, '2022-11-11'),
  (287, 77, 2, 18181000, '2020-11-04'),
  (288, 63, 11, 174427000, '2024-02-04'),
  (289, 88, 7, 2173000, '2022-06-16'),
  (290, 45, 2, 25728000, '2020-12-02'),
  (291, 41, 1, 56000, '2023-09-08'),
  (292, 128, 2, 5546000, '2021-02-25'),
  (293, 129, 1, 1040000, '2021-10-29'),
  (294, 18, 12, 189000, '2021-10-03'),
  (295, 45, 7, 1411000, '2024-07-24'),
  (296, 124, 1, 343000, '2021-01-09'),
  (297, 125, 1, 856000, '2023-07-25'),
  (298, 114, 1, 111000, '2021-01-18'),
  (299, 4, 7, 5402000, '2021-02-03'),
  (300, 33, 7, 1260000, '2020-06-18'),
  (301, 96, 7, 1150000, '2020-12-10'),
  (302, 33, 1, 355000, '2023-01-17'),
  (303, 56, 7, 4324000, '2022-05-20'),
  (304, 11, 1, 525000, '2024-07-30'),
  (305, 1, 10, 142883000, '2023-04-19'),
  (306, 54, 10, 281010000, '2024-07-07'),
  (307, 24, 1, 336000, '2021-07-01'),
  (308, 68, 5, 744000, '2024-11-10'),
  (309, 100, 7, 8614000, '2023-03-28'),
  (310, 31, 2, 10595000, '2024-12-01'),
  (311, 91, 2, 16887000, '2022-07-27'),
  (312, 67, 1, 67000, '2024-08-23'),
  (313, 69, 8, 21000, '2023-07-06'),
  (314, 14, 5, 39642000, '2025-02-05'),
  (315, 72, 2, 50768000, '2021-05-27'),
  (316, 54, 2, 34436000, '2024-03-26'),
  (317, 31, 1, 226000, '2020-06-08'),
  (318, 6, 10, 31977000, '2024-10-27'),
  (319, 23, 1, 89000, '2024-12-09'),
  (320, 130, 7, 1969000, '2020-01-18'),
  (321, 131, 9, 26000, '2023-06-15'),
  (322, 93, 3, 518000, '2022-05-29'),
  (323, 11, 7, 5977000, '2024-01-16'),
  (324, 80, 7, 2134000, '2022-11-09'),
  (325, 132, 7, 13274000, '2020-08-18'),
  (326, 2, 9, 46000, '2020-09-27'),
  (327, 20, 10, 89743000, '2025-05-08'),
  (328, 64, 8, 82000, '2020-05-03'),
  (329, 70, 1, 235000, '2023-01-03'),
  (330, 133, 1, 125000, '2023-04-16'),
  (331, 62, 1, 186000, '2025-03-08'),
  (332, 116, 1, 819000, '2023-12-20'),
  (333, 94, 7, 1040000, '2024-08-11'),
  (334, 99, 10, 27387000, '2021-07-11'),
  (335, 35, 3, 111000, '2022-10-20'),
  (336, 15, 1, 58000, '2022-11-08'),
  (337, 134, 9, 65000, '2021-01-01'),
  (338, 37, 1, 670000, '2020-06-08'),
  (339, 4, 5, 1904000, '2025-05-07'),
  (340, 50, 7, 1303000, '2020-01-17'),
  (341, 72, 7, 3786000, '2023-04-26'),
  (342, 32, 7, 3605000, '2023-07-26'),
  (343, 46, 1, 95000, '2021-05-02'),
  (344, 135, 9, 18000, '2022-11-30'),
  (345, 124, 1, 217000, '2023-03-08'),
  (346, 69, 2, 27576000, '2024-02-15'),
  (347, 39, 1, 521000, '2020-08-04'),
  (348, 26, 7, 1131000, '2022-08-06'),
  (349, 31, 8, 47000, '2024-09-07'),
  (350, 11, 2, 28352000, '2021-06-16'),
  (351, 59, 1, 320000, '2022-08-04'),
  (352, 93, 1, 1178000, '2022-03-31'),
  (353, 124, 5, 5995000, '2021-02-08'),
  (354, 79, 9, 8000, '2022-06-06'),
  (355, 114, 1, 65000, '2022-07-02'),
  (356, 32, 7, 5696000, '2020-06-28'),
  (357, 37, 2, 5381000, '2024-06-30'),
  (358, 136, 1, 434000, '2023-03-04'),
  (359, 80, 1, 1604000, '2022-08-24'),
  (360, 74, 2, 24655000, '2021-06-29'),
  (361, 116, 9, 16000, '2024-09-27'),
  (362, 109, 8, 88000, '2023-12-05'),
  (363, 135, 1, 271000, '2022-10-01'),
  (364, 74, 7, 4382000, '2020-01-02'),
  (365, 104, 1, 1612000, '2020-10-29'),
  (366, 137, 12, 208000, '2022-02-04'),
  (367, 72, 2, 71839000, '2022-06-13'),
  (368, 136, 1, 1411000, '2023-11-11'),
  (369, 8, 11, 78480000, '2024-04-27'),
  (370, 85, 1, 65000, '2020-06-08'),
  (371, 109, 8, 25000, '2021-03-05'),
  (372, 43, 3, 104000, '2024-02-09'),
  (373, 33, 10, 25829000, '2024-06-03'),
  (374, 94, 1, 621000, '2021-10-14'),
  (375, 2, 1, 65000, '2020-06-02'),
  (376, 42, 7, 2372000, '2023-08-31'),
  (377, 138, 12, 1129000, '2022-04-18'),
  (378, 50, 7, 1065000, '2024-09-16'),
  (379, 41, 7, 9076000, '2020-07-17'),
  (380, 96, 1, 141000, '2022-03-25'),
  (381, 31, 1, 77000, '2024-12-18'),
  (382, 18, 1, 653000, '2021-07-04'),
  (383, 68, 3, 426000, '2024-03-29'),
  (384, 125, 7, 10764000, '2021-04-27'),
  (385, 123, 1, 753000, '2025-04-28'),
  (386, 131, 8, 127000, '2020-06-09'),
  (387, 25, 3, 191000, '2022-03-24'),
  (388, 115, 7, 1617000, '2022-05-09'),
  (389, 66, 7, 7635000, '2020-07-25'),
  (390, 117, 7, 8890000, '2022-08-26'),
  (391, 59, 8, 196000, '2024-12-26'),
  (392, 118, 9, 17000, '2020-02-11'),
  (393, 72, 11, 117757000, '2023-11-03'),
  (394, 23, 1, 877000, '2022-05-03'),
  (395, 131, 10, 50332000, '2024-11-11'),
  (396, 139, 1, 1549000, '2024-10-09'),
  (397, 29, 8, 144000, '2020-04-13'),
  (398, 48, 2, 16426000, '2020-09-10'),
  (399, 22, 1, 798000, '2020-11-30'),
  (400, 31, 8, 114000, '2024-10-14'),
  (401, 85, 2, 6655000, '2022-11-17'),
  (402, 140, 10, 230417000, '2021-04-03'),
  (403, 141, 3, 320000, '2022-02-10'),
  (404, 78, 3, 671000, '2020-07-28'),
  (405, 142, 1, 163000, '2020-08-09'),
  (406, 71, 1, 1360000, '2022-11-25'),
  (407, 59, 2, 14710000, '2021-08-28'),
  (408, 59, 10, 20596000, '2021-12-03'),
  (409, 3, 1, 1411000, '2020-12-14'),
  (410, 40, 12, 70000, '2025-01-16'),
  (411, 85, 10, 47487000, '2021-11-09'),
  (412, 132, 1, 1664000, '2023-07-23'),
  (413, 107, 7, 13122000, '2022-04-26'),
  (414, 19, 5, 3529000, '2025-01-02'),
  (415, 81, 1, 514000, '2020-04-28'),
  (416, 16, 10, 67366000, '2024-05-15'),
  (417, 138, 3, 196000, '2020-03-18'),
  (418, 134, 8, 43000, '2020-01-09'),
  (419, 62, 1, 598000, '2020-05-13'),
  (420, 96, 7, 7671000, '2021-11-22'),
  (421, 88, 1, 927000, '2025-01-31'),
  (422, 69, 1, 920000, '2022-01-20'),
  (423, 83, 5, 176000, '2023-09-17'),
  (424, 143, 3, 312000, '2023-01-25'),
  (425, 9, 1, 62000, '2023-09-17'),
  (426, 39, 11, 177214000, '2020-08-02'),
  (427, 45, 1, 255000, '2021-02-13'),
  (428, 104, 8, 154000, '2022-10-13'),
  (429, 63, 9, 14000, '2024-09-06'),
  (430, 31, 2, 6917000, '2020-07-26'),
  (431, 144, 1, 85000, '2024-07-23'),
  (432, 96, 2, 41297000, '2020-07-13'),
  (433, 93, 9, 32000, '2025-05-10'),
  (434, 142, 3, 126000, '2022-07-23'),
  (435, 145, 1, 68000, '2024-01-27'),
  (436, 14, 2, 34916000, '2021-01-06'),
  (437, 146, 7, 1218000, '2022-09-26'),
  (438, 61, 2, 48819000, '2020-01-26'),
  (439, 112, 7, 6770000, '2023-12-05'),
  (440, 11, 1, 67000, '2024-08-19'),
  (441, 140, 4, 62547000, '2020-06-02'),
  (442, 147, 10, 289340000, '2020-06-10'),
  (443, 47, 1, 199000, '2022-10-15'),
  (444, 8, 12, 196000, '2023-07-29'),
  (445, 12, 10, 180699000, '2024-07-30'),
  (446, 79, 2, 69115000, '2022-01-14'),
  (447, 8, 7, 14442000, '2022-02-04'),
  (448, 21, 1, 805000, '2020-09-04'),
  (449, 87, 9, 15000, '2024-09-11'),
  (450, 13, 7, 1254000, '2020-04-09'),
  (451, 63, 1, 879000, '2024-07-27'),
  (452, 100, 9, 27000, '2024-04-10'),
  (453, 88, 3, 266000, '2023-12-04'),
  (454, 26, 1, 1416000, '2023-07-02'),
  (455, 22, 2, 6806000, '2024-04-07'),
  (456, 105, 4, 183477000, '2022-05-15'),
  (457, 80, 1, 52000, '2024-05-27'),
  (458, 75, 10, 71157000, '2020-03-07'),
  (459, 15, 4, 58010000, '2024-02-29'),
  (460, 30, 3, 131000, '2024-06-02'),
  (461, 75, 9, 7000, '2023-12-14'),
  (462, 128, 1, 548000, '2023-10-30'),
  (463, 114, 3, 557000, '2022-05-27'),
  (464, 69, 1, 430000, '2023-12-24'),
  (465, 100, 11, 458292000, '2021-09-08'),
  (466, 2, 7, 2760000, '2025-05-13'),
  (467, 13, 7, 2168000, '2020-07-07'),
  (468, 131, 3, 739000, '2021-03-23'),
  (469, 140, 9, 10000, '2023-06-10'),
  (470, 100, 1, 1746000, '2024-01-22'),
  (471, 142, 8, 21000, '2025-01-13'),
  (472, 54, 8, 187000, '2020-05-14'),
  (473, 131, 11, 55224000, '2021-02-25'),
  (474, 138, 7, 11170000, '2021-11-10'),
  (475, 4, 1, 350000, '2024-08-09'),
  (476, 21, 7, 14717000, '2020-02-04'),
  (477, 129, 8, 24000, '2024-10-03'),
  (478, 70, 7, 4481000, '2021-07-30'),
  (479, 146, 1, 1786000, '2024-03-09'),
  (480, 132, 2, 21323000, '2025-02-15'),
  (481, 135, 3, 426000, '2023-01-26'),
  (482, 117, 1, 651000, '2021-03-28'),
  (483, 81, 7, 3424000, '2023-01-30'),
  (484, 64, 2, 28486000, '2022-09-24'),
  (485, 7, 1, 432000, '2022-07-11'),
  (486, 141, 7, 11477000, '2022-01-16'),
  (487, 84, 10, 22619000, '2023-12-29'),
  (488, 79, 10, 42802000, '2022-09-24'),
  (489, 90, 1, 1666000, '2024-02-11'),
  (490, 13, 7, 11144000, '2024-04-24'),
  (491, 25, 2, 17686000, '2020-10-31'),
  (492, 96, 7, 5362000, '2022-03-23'),
  (493, 44, 10, 42389000, '2020-10-14'),
  (494, 66, 1, 100000, '2022-09-25'),
  (495, 49, 7, 3510000, '2024-06-08'),
  (496, 144, 2, 13318000, '2022-12-03'),
  (497, 114, 3, 383000, '2023-08-31'),
  (498, 46, 10, 24686000, '2021-12-07'),
  (499, 148, 1, 1820000, '2022-11-19'),
  (500, 1, 10, 289004000, '2024-01-15'),
  (501, 145, 8, 100000, '2020-03-29'),
  (502, 94, 1, 361000, '2020-12-06'),
  (503, 59, 4, 113169000, '2024-01-30'),
  (504, 107, 7, 9059000, '2024-06-15'),
  (505, 18, 7, 6387000, '2020-05-20'),
  (506, 69, 7, 1553000, '2020-12-29'),
  (507, 70, 9, 77000, '2023-01-09'),
  (508, 127, 4, 438231000, '2023-11-29'),
  (509, 63, 10, 261867000, '2025-02-02'),
  (510, 74, 7, 7137000, '2023-01-18'),
  (511, 148, 3, 411000, '2021-02-24'),
  (512, 41, 3, 262000, '2022-01-18'),
  (513, 12, 1, 1560000, '2023-02-19'),
  (514, 117, 11, 367311000, '2023-09-12'),
  (515, 77, 7, 1130000, '2024-05-28'),
  (516, 4, 10, 21480000, '2024-08-13'),
  (517, 138, 1, 200000, '2020-03-18'),
  (518, 30, 2, 47312000, '2022-06-18'),
  (519, 30, 7, 14492000, '2021-04-19'),
  (520, 44, 10, 30056000, '2021-12-24'),
  (521, 64, 2, 25964000, '2023-02-19'),
  (522, 48, 7, 2805000, '2021-06-18'),
  (523, 5, 12, 1790000, '2024-07-02'),
  (524, 75, 10, 195631000, '2024-03-31'),
  (525, 115, 1, 1102000, '2020-05-18'),
  (526, 23, 7, 3558000, '2023-12-06'),
  (527, 31, 1, 231000, '2025-03-22'),
  (528, 38, 12, 137000, '2023-10-31'),
  (529, 104, 1, 62000, '2024-09-05'),
  (530, 136, 9, 67000, '2023-10-16'),
  (531, 56, 7, 9037000, '2022-10-05'),
  (532, 24, 1, 1998000, '2024-06-24'),
  (533, 70, 7, 14864000, '2020-09-03'),
  (534, 16, 7, 4500000, '2021-06-15'),
  (535, 7, 1, 853000, '2022-05-18'),
  (536, 142, 1, 1631000, '2020-09-25'),
  (537, 39, 1, 1149000, '2024-06-26'),
  (538, 60, 1, 125000, '2023-02-25'),
  (539, 94, 7, 3388000, '2023-07-13'),
  (540, 108, 8, 27000, '2020-09-05'),
  (541, 128, 1, 1688000, '2024-05-17'),
  (542, 91, 6, 403808000, '2022-02-19'),
  (543, 66, 2, 9425000, '2023-03-16'),
  (544, 94, 1, 596000, '2021-08-19'),
  (545, 6, 7, 5333000, '2022-07-11'),
  (546, 40, 1, 187000, '2022-03-24'),
  (547, 3, 10, 27201000, '2020-06-19'),
  (548, 9, 1, 595000, '2021-08-04'),
  (549, 84, 4, 197383000, '2021-10-28'),
  (550, 39, 7, 8097000, '2023-07-16'),
  (551, 62, 10, 81807000, '2022-06-23'),
  (552, 25, 8, 142000, '2024-07-27'),
  (553, 107, 1, 383000, '2024-04-17'),
  (554, 148, 7, 4568000, '2021-05-26'),
  (555, 125, 3, 753000, '2021-05-05'),
  (556, 39, 3, 253000, '2024-10-13'),
  (557, 96, 7, 1438000, '2023-12-05'),
  (558, 149, 12, 56000, '2021-07-31'),
  (559, 61, 1, 810000, '2020-01-31'),
  (560, 60, 1, 493000, '2024-09-23'),
  (561, 150, 9, 41000, '2021-05-27'),
  (562, 11, 1, 110000, '2024-02-14'),
  (563, 16, 1, 83000, '2024-01-31'),
  (564, 28, 3, 103000, '2020-04-16'),
  (565, 151, 1, 182000, '2024-06-04'),
  (566, 56, 2, 25663000, '2020-11-13'),
  (567, 11, 9, 16000, '2024-04-04'),
  (568, 5, 10, 65394000, '2024-03-29'),
  (569, 61, 2, 61332000, '2022-01-03'),
  (570, 61, 2, 13131000, '2021-01-23'),
  (571, 55, 1, 333000, '2022-12-23'),
  (572, 18, 8, 122000, '2023-07-30'),
  (573, 76, 1, 216000, '2024-01-16'),
  (574, 125, 1, 496000, '2021-08-02'),
  (575, 100, 8, 146000, '2025-04-04'),
  (576, 123, 8, 178000, '2023-08-07'),
  (577, 152, 9, 8000, '2021-03-03'),
  (578, 113, 10, 245913000, '2020-04-29'),
  (579, 2, 12, 307000, '2025-05-21'),
  (580, 36, 7, 2012000, '2025-04-24'),
  (581, 105, 3, 288000, '2022-07-28'),
  (582, 81, 7, 14210000, '2023-05-13'),
  (583, 71, 10, 75927000, '2021-10-24'),
  (584, 46, 12, 168000, '2022-07-05'),
  (585, 50, 8, 86000, '2021-03-30'),
  (586, 57, 7, 1916000, '2023-03-14'),
  (587, 136, 3, 119000, '2023-04-07'),
  (588, 65, 7, 1418000, '2021-03-21'),
  (589, 91, 10, 28289000, '2020-07-14'),
  (590, 153, 4, 74657000, '2022-06-08'),
  (591, 23, 2, 7347000, '2023-07-18'),
  (592, 109, 2, 29557000, '2020-11-09'),
  (593, 106, 7, 1636000, '2021-03-30'),
  (594, 69, 7, 2550000, '2021-06-21'),
  (595, 138, 7, 11342000, '2022-09-26'),
  (596, 11, 2, 18607000, '2023-03-25'),
  (597, 111, 1, 587000, '2021-12-06'),
  (598, 84, 1, 94000, '2020-04-01'),
  (599, 142, 2, 8521000, '2021-05-12'),
  (600, 154, 7, 1117000, '2020-02-16'),
  (601, 131, 7, 1580000, '2024-02-03'),
  (602, 76, 8, 38000, '2020-12-14'),
  (603, 155, 3, 150000, '2021-07-09'),
  (604, 76, 1, 69000, '2022-02-18'),
  (605, 26, 1, 78000, '2022-10-22'),
  (606, 56, 7, 3483000, '2024-03-04'),
  (607, 38, 1, 107000, '2020-05-06'),
  (608, 146, 1, 192000, '2025-01-11'),
  (609, 52, 3, 319000, '2023-03-19'),
  (610, 62, 1, 638000, '2023-08-29'),
  (611, 104, 9, 6000, '2022-05-30'),
  (612, 14, 1, 954000, '2024-09-15'),
  (613, 109, 7, 5476000, '2025-03-27'),
  (614, 5, 1, 68000, '2023-03-07'),
  (615, 80, 7, 10651000, '2023-05-23'),
  (616, 125, 1, 1494000, '2022-04-16'),
  (617, 111, 1, 63000, '2025-03-13'),
  (618, 71, 10, 42331000, '2023-05-30'),
  (619, 92, 4, 419740000, '2021-05-18'),
  (620, 56, 10, 151723000, '2025-05-25'),
  (621, 61, 7, 1648000, '2022-05-15'),
  (622, 4, 7, 1763000, '2023-08-16'),
  (623, 81, 3, 235000, '2021-10-24'),
  (624, 104, 2, 19160000, '2025-01-31'),
  (625, 45, 1, 489000, '2023-12-19'),
  (626, 14, 9, 15000, '2023-03-04'),
  (627, 4, 2, 18027000, '2025-05-22'),
  (628, 69, 8, 112000, '2022-10-16'),
  (629, 33, 7, 1104000, '2022-06-23'),
  (630, 148, 7, 1981000, '2024-08-06'),
  (631, 156, 11, 258416000, '2023-09-28'),
  (632, 47, 5, 26070000, '2020-11-26'),
  (633, 22, 9, 23000, '2020-07-09'),
  (634, 52, 1, 356000, '2022-08-22'),
  (635, 48, 2, 6730000, '2023-06-07'),
  (636, 47, 9, 19000, '2023-12-18'),
  (637, 109, 9, 25000, '2023-06-12'),
  (638, 60, 1, 122000, '2021-08-17'),
  (639, 80, 10, 41465000, '2022-04-29'),
  (640, 131, 1, 201000, '2020-05-18'),
  (641, 100, 3, 105000, '2023-03-11'),
  (642, 29, 10, 47844000, '2023-08-15'),
  (643, 115, 10, 35458000, '2022-04-27'),
  (644, 26, 2, 12397000, '2024-06-25'),
  (645, 19, 7, 1383000, '2024-09-21'),
  (646, 125, 2, 59057000, '2021-07-10'),
  (647, 142, 1, 447000, '2020-08-17'),
  (648, 104, 10, 125810000, '2025-01-27'),
  (649, 63, 1, 919000, '2024-11-20'),
  (650, 69, 2, 19914000, '2022-12-05'),
  (651, 82, 7, 1265000, '2020-04-04'),
  (652, 157, 1, 363000, '2021-01-29'),
  (653, 109, 1, 436000, '2021-07-14'),
  (654, 15, 1, 782000, '2020-10-16'),
  (655, 62, 1, 246000, '2022-08-22'),
  (656, 106, 7, 1413000, '2021-10-01'),
  (657, 90, 1, 142000, '2024-07-22'),
  (658, 55, 1, 191000, '2025-01-08'),
  (659, 81, 7, 5750000, '2020-03-02'),
  (660, 43, 10, 93825000, '2023-05-22'),
  (661, 5, 7, 2623000, '2022-03-31'),
  (662, 14, 1, 1903000, '2023-11-22'),
  (663, 88, 2, 26816000, '2023-12-28'),
  (664, 98, 1, 120000, '2022-04-11'),
  (665, 52, 1, 73000, '2024-07-31'),
  (666, 8, 7, 1513000, '2021-08-19'),
  (667, 12, 10, 38931000, '2023-10-23'),
  (668, 138, 8, 29000, '2022-11-11'),
  (669, 113, 2, 8387000, '2024-08-07'),
  (670, 50, 3, 193000, '2021-10-13'),
  (671, 114, 7, 1599000, '2024-09-23'),
  (672, 9, 1, 1367000, '2020-05-26'),
  (673, 138, 2, 6246000, '2022-05-01'),
  (674, 17, 7, 4139000, '2023-02-04'),
  (675, 17, 7, 3039000, '2024-02-05'),
  (676, 99, 8, 192000, '2020-03-18'),
  (677, 63, 5, 201000, '2024-03-17'),
  (678, 90, 7, 2937000, '2024-02-27'),
  (679, 62, 7, 13810000, '2025-01-29'),
  (680, 38, 1, 1218000, '2023-11-24'),
  (681, 25, 1, 1019000, '2020-04-15'),
  (682, 30, 1, 129000, '2023-06-15'),
  (683, 158, 9, 8000, '2024-02-22'),
  (684, 49, 10, 122297000, '2021-04-28'),
  (685, 123, 9, 81000, '2020-11-11'),
  (686, 36, 1, 390000, '2024-02-12'),
  (687, 18, 1, 412000, '2022-03-27'),
  (688, 74, 7, 2134000, '2020-10-24'),
  (689, 77, 9, 50000, '2023-07-29'),
  (690, 127, 1, 100000, '2021-06-30'),
  (691, 106, 2, 12266000, '2023-04-20'),
  (692, 81, 8, 53000, '2020-07-19'),
  (693, 85, 8, 64000, '2020-07-07'),
  (694, 78, 1, 122000, '2023-05-23'),
  (695, 126, 1, 76000, '2023-09-14'),
  (696, 48, 1, 476000, '2024-05-17'),
  (697, 113, 12, 145000, '2021-06-26'),
  (698, 73, 2, 25052000, '2020-08-10'),
  (699, 127, 2, 7671000, '2020-07-30'),
  (700, 75, 2, 18981000, '2020-01-02'),
  (701, 99, 8, 68000, '2023-12-20'),
  (702, 64, 3, 113000, '2023-11-12'),
  (703, 136, 1, 173000, '2025-05-17'),
  (704, 90, 1, 82000, '2020-03-21'),
  (705, 125, 7, 1187000, '2024-12-17'),
  (706, 80, 3, 977000, '2024-06-11'),
  (707, 103, 1, 164000, '2024-06-01'),
  (708, 115, 2, 47223000, '2021-04-22'),
  (709, 135, 8, 36000, '2023-12-07'),
  (710, 141, 7, 6332000, '2024-09-06'),
  (711, 45, 1, 826000, '2024-07-05'),
  (712, 58, 1, 450000, '2024-09-09'),
  (713, 114, 1, 285000, '2024-03-31'),
  (714, 54, 8, 52000, '2020-07-23'),
  (715, 91, 1, 181000, '2020-07-01'),
  (716, 3, 7, 12394000, '2022-04-23'),
  (717, 92, 12, 1071000, '2023-07-08'),
  (718, 148, 12, 1758000, '2023-06-21'),
  (719, 13, 1, 79000, '2021-01-31'),
  (720, 3, 2, 37933000, '2021-08-06'),
  (721, 108, 1, 1593000, '2020-04-17'),
  (722, 91, 9, 9000, '2024-01-17'),
  (723, 128, 1, 64000, '2020-07-19'),
  (724, 104, 7, 7441000, '2020-04-21'),
  (725, 144, 2, 24587000, '2023-07-18'),
  (726, 104, 1, 1116000, '2020-08-15'),
  (727, 88, 10, 29202000, '2023-07-30'),
  (728, 23, 4, 407801000, '2021-03-19'),
  (729, 134, 1, 105000, '2023-04-01'),
  (730, 19, 8, 29000, '2022-08-21'),
  (731, 145, 7, 1560000, '2020-06-19'),
  (732, 21, 1, 1009000, '2023-08-19'),
  (733, 141, 2, 31619000, '2020-02-19'),
  (734, 59, 2, 21321000, '2020-01-03'),
  (735, 123, 7, 2643000, '2024-06-15'),
  (736, 90, 12, 1271000, '2023-10-13'),
  (737, 137, 7, 2894000, '2022-01-18'),
  (738, 64, 1, 1017000, '2021-11-16'),
  (739, 145, 10, 65689000, '2024-04-07'),
  (740, 99, 1, 201000, '2021-12-08'),
  (741, 28, 9, 20000, '2022-07-14'),
  (742, 129, 1, 152000, '2025-01-12'),
  (743, 35, 1, 788000, '2020-10-30'),
  (744, 57, 7, 3902000, '2022-05-10'),
  (745, 159, 2, 9519000, '2022-04-23'),
  (746, 71, 11, 396775000, '2022-06-30'),
  (747, 141, 7, 2828000, '2025-06-11'),
  (748, 118, 7, 4358000, '2020-12-06'),
  (749, 30, 1, 1416000, '2020-03-25'),
  (750, 61, 1, 500000, '2023-12-19'),
  (751, 117, 7, 1372000, '2020-09-05'),
  (752, 60, 9, 84000, '2020-11-15'),
  (753, 13, 9, 33000, '2025-06-08'),
  (754, 6, 9, 14000, '2020-10-12'),
  (755, 85, 7, 1458000, '2021-02-03'),
  (756, 24, 2, 45193000, '2025-05-15'),
  (757, 106, 3, 417000, '2024-01-06'),
  (758, 50, 1, 358000, '2024-01-30'),
  (759, 6, 2, 59611000, '2022-04-28'),
  (760, 47, 7, 8462000, '2024-11-11'),
  (761, 46, 3, 142000, '2023-02-12'),
  (762, 93, 7, 2326000, '2020-03-27'),
  (763, 72, 1, 125000, '2024-06-08'),
  (764, 65, 1, 778000, '2023-09-25'),
  (765, 73, 1, 57000, '2021-07-21'),
  (766, 97, 7, 4680000, '2021-06-12'),
  (767, 142, 1, 833000, '2020-04-29'),
  (768, 130, 3, 753000, '2025-02-10'),
  (769, 96, 7, 2525000, '2024-04-18'),
  (770, 100, 1, 1034000, '2023-11-30'),
  (771, 160, 10, 26986000, '2022-04-23'),
  (772, 94, 7, 9897000, '2024-08-30'),
  (773, 45, 1, 80000, '2020-09-25'),
  (774, 62, 7, 2933000, '2025-06-09'),
  (775, 72, 1, 947000, '2023-11-22'),
  (776, 141, 5, 254000, '2022-05-20'),
  (777, 63, 8, 34000, '2023-09-13'),
  (778, 161, 10, 141405000, '2024-05-21'),
  (779, 12, 8, 105000, '2020-10-25'),
  (780, 94, 1, 532000, '2023-03-13'),
  (781, 134, 1, 647000, '2024-03-24'),
  (782, 131, 3, 349000, '2023-04-22'),
  (783, 5, 1, 127000, '2021-04-11'),
  (784, 28, 10, 51004000, '2023-12-14'),
  (785, 56, 1, 98000, '2021-08-03'),
  (786, 6, 5, 28306000, '2022-05-26'),
  (787, 3, 5, 3755000, '2022-10-03'),
  (788, 124, 12, 219000, '2024-02-27'),
  (789, 128, 1, 275000, '2022-05-19'),
  (790, 39, 3, 886000, '2023-09-27'),
  (791, 24, 1, 88000, '2022-10-15'),
  (792, 162, 7, 4892000, '2020-02-24'),
  (793, 71, 10, 78705000, '2023-09-15'),
  (794, 104, 1, 477000, '2021-12-04'),
  (795, 123, 1, 53000, '2022-02-09'),
  (796, 72, 7, 10610000, '2021-10-01'),
  (797, 73, 7, 12481000, '2023-02-25'),
  (798, 106, 2, 23958000, '2024-04-18'),
  (799, 146, 11, 248669000, '2021-12-15'),
  (800, 52, 3, 837000, '2023-09-16'),
  (801, 62, 1, 679000, '2020-12-13'),
  (802, 92, 7, 1511000, '2022-05-12'),
  (803, 107, 3, 377000, '2023-03-18'),
  (804, 53, 1, 469000, '2022-10-26'),
  (805, 138, 1, 239000, '2021-06-27'),
  (806, 58, 2, 38525000, '2023-03-30'),
  (807, 163, 3, 860000, '2021-12-12'),
  (808, 72, 2, 65083000, '2021-10-03'),
  (809, 75, 1, 264000, '2020-02-08'),
  (810, 131, 1, 76000, '2023-07-30'),
  (811, 138, 7, 14397000, '2022-01-16'),
  (812, 65, 1, 1104000, '2024-08-27'),
  (813, 111, 1, 79000, '2023-05-16'),
  (814, 45, 1, 1494000, '2024-08-21'),
  (815, 138, 1, 1238000, '2020-02-29'),
  (816, 24, 10, 81514000, '2020-04-23'),
  (817, 65, 9, 29000, '2023-10-07'),
  (818, 93, 9, 17000, '2022-12-04'),
  (819, 75, 1, 61000, '2024-07-10'),
  (820, 125, 1, 172000, '2020-08-06'),
  (821, 48, 7, 8795000, '2022-02-06'),
  (822, 11, 7, 1013000, '2022-01-23'),
  (823, 123, 1, 171000, '2022-02-26'),
  (824, 97, 7, 2940000, '2021-04-29'),
  (825, 106, 9, 25000, '2024-03-29'),
  (826, 94, 4, 566555000, '2024-04-19'),
  (827, 73, 4, 124717000, '2024-08-06'),
  (828, 25, 3, 222000, '2024-02-02'),
  (829, 146, 2, 38638000, '2024-06-08'),
  (830, 26, 7, 3403000, '2025-06-08'),
  (831, 109, 1, 114000, '2023-11-08'),
  (832, 128, 4, 165015000, '2025-04-18'),
  (833, 23, 2, 7389000, '2020-12-11'),
  (834, 41, 1, 96000, '2023-03-07'),
  (835, 138, 1, 314000, '2024-01-01'),
  (836, 99, 7, 3110000, '2021-02-27'),
  (837, 87, 1, 1461000, '2021-06-20'),
  (838, 11, 1, 190000, '2022-08-18'),
  (839, 67, 2, 25007000, '2021-06-08'),
  (840, 164, 5, 5087000, '2025-04-07'),
  (841, 165, 1, 52000, '2022-03-19'),
  (842, 22, 4, 288051000, '2020-09-27'),
  (843, 127, 1, 96000, '2025-06-27'),
  (844, 24, 7, 13499000, '2024-04-08'),
  (845, 138, 7, 1496000, '2025-03-05'),
  (846, 4, 7, 3074000, '2020-11-30'),
  (847, 166, 7, 1260000, '2024-09-28'),
  (848, 50, 9, 99000, '2023-04-14'),
  (849, 148, 9, 23000, '2021-05-19'),
  (850, 80, 3, 394000, '2025-03-17'),
  (851, 167, 7, 1199000, '2025-05-10'),
  (852, 148, 1, 795000, '2024-02-07'),
  (853, 118, 1, 108000, '2020-04-23'),
  (854, 58, 8, 158000, '2021-03-02'),
  (855, 59, 1, 107000, '2022-10-02'),
  (856, 69, 1, 101000, '2022-07-01'),
  (857, 17, 7, 1104000, '2022-06-08'),
  (858, 98, 9, 21000, '2022-12-15'),
  (859, 90, 5, 3346000, '2023-11-02'),
  (860, 41, 9, 6000, '2022-11-17'),
  (861, 111, 10, 163351000, '2021-12-28'),
  (862, 168, 1, 266000, '2021-01-08'),
  (863, 65, 7, 4137000, '2021-06-26'),
  (864, 126, 4, 160008000, '2020-08-05'),
  (865, 45, 7, 2960000, '2022-04-09'),
  (866, 97, 10, 91037000, '2020-06-28'),
  (867, 87, 1, 89000, '2023-08-21'),
  (868, 138, 1, 98000, '2024-04-25'),
  (869, 45, 12, 1201000, '2022-08-23'),
  (870, 32, 1, 1639000, '2020-07-29'),
  (871, 33, 5, 1018000, '2020-03-16'),
  (872, 91, 8, 37000, '2023-03-26'),
  (873, 99, 7, 5720000, '2025-04-06'),
  (874, 30, 1, 226000, '2021-03-25'),
  (875, 55, 12, 55000, '2024-09-02'),
  (876, 94, 2, 7709000, '2020-06-25'),
  (877, 73, 1, 701000, '2023-02-14'),
  (878, 136, 1, 568000, '2024-10-26'),
  (879, 127, 1, 55000, '2021-04-03'),
  (880, 38, 9, 10000, '2024-10-13'),
  (881, 118, 12, 117000, '2024-05-19'),
  (882, 15, 7, 6169000, '2020-12-08'),
  (883, 96, 7, 1055000, '2024-11-17'),
  (884, 20, 11, 63545000, '2022-06-18'),
  (885, 3, 1, 956000, '2024-01-04'),
  (886, 19, 1, 97000, '2022-05-28'),
  (887, 97, 10, 117144000, '2024-01-09'),
  (888, 26, 1, 120000, '2024-04-03'),
  (889, 19, 3, 126000, '2024-12-19'),
  (890, 26, 7, 1932000, '2020-10-27'),
  (891, 6, 10, 141411000, '2024-12-09'),
  (892, 108, 7, 10148000, '2023-01-12'),
  (893, 62, 8, 135000, '2024-12-28'),
  (894, 72, 1, 216000, '2020-05-02'),
  (895, 13, 10, 122112000, '2025-04-11'),
  (896, 148, 1, 107000, '2023-09-27'),
  (897, 11, 10, 44238000, '2022-01-09'),
  (898, 111, 3, 788000, '2020-09-23'),
  (899, 59, 7, 1036000, '2023-07-27'),
  (900, 73, 7, 1261000, '2022-09-19'),
  (901, 1, 7, 1756000, '2024-03-08'),
  (902, 49, 1, 55000, '2022-01-26'),
  (903, 1, 1, 98000, '2022-09-22'),
  (904, 135, 6, 382861000, '2021-03-17'),
  (905, 169, 4, 152047000, '2022-05-05'),
  (906, 42, 1, 1346000, '2020-10-10'),
  (907, 77, 10, 182986000, '2023-09-22'),
  (908, 67, 2, 12899000, '2024-11-08'),
  (909, 62, 1, 130000, '2023-06-21'),
  (910, 87, 2, 14327000, '2022-12-25'),
  (911, 48, 10, 98917000, '2023-05-27'),
  (912, 82, 1, 134000, '2020-02-19'),
  (913, 45, 1, 500000, '2021-01-09'),
  (914, 9, 1, 226000, '2025-05-22'),
  (915, 116, 3, 356000, '2021-10-25'),
  (916, 1, 10, 65156000, '2023-04-15'),
  (917, 13, 1, 148000, '2022-08-09'),
  (918, 21, 1, 1654000, '2025-05-27'),
  (919, 40, 11, 290119000, '2022-10-21'),
  (920, 135, 12, 84000, '2025-05-22'),
  (921, 98, 8, 148000, '2025-03-26'),
  (922, 52, 7, 3743000, '2022-11-11'),
  (923, 64, 2, 59720000, '2024-08-27'),
  (924, 24, 2, 45929000, '2025-06-29'),
  (925, 88, 9, 18000, '2020-09-30'),
  (926, 140, 10, 21255000, '2023-01-07'),
  (927, 35, 2, 10531000, '2021-12-23'),
  (928, 22, 1, 369000, '2022-01-28'),
  (929, 85, 1, 517000, '2024-07-29'),
  (930, 85, 1, 129000, '2025-01-26'),
  (931, 67, 7, 1458000, '2023-02-04'),
  (932, 114, 2, 50620000, '2020-09-17'),
  (933, 23, 11, 482361000, '2020-02-17'),
  (934, 170, 11, 167749000, '2021-10-23'),
  (935, 28, 7, 1592000, '2020-03-30'),
  (936, 77, 1, 137000, '2023-03-17'),
  (937, 112, 9, 5000, '2021-02-07'),
  (938, 129, 8, 164000, '2022-06-03'),
  (939, 108, 1, 77000, '2021-11-28'),
  (940, 7, 7, 4765000, '2020-07-14'),
  (941, 123, 10, 42009000, '2020-05-06'),
  (942, 127, 7, 4485000, '2021-08-26'),
  (943, 111, 3, 448000, '2024-06-16'),
  (944, 42, 7, 9459000, '2023-04-18'),
  (945, 134, 9, 9000, '2020-09-15'),
  (946, 6, 10, 20605000, '2020-05-03'),
  (947, 138, 7, 1449000, '2023-01-13'),
  (948, 62, 7, 11442000, '2023-09-08'),
  (949, 4, 12, 1256000, '2023-08-04'),
  (950, 88, 7, 5042000, '2021-11-09'),
  (951, 65, 1, 458000, '2024-11-29'),
  (952, 8, 7, 6055000, '2021-03-12'),
  (953, 79, 1, 95000, '2020-01-14'),
  (954, 136, 1, 1459000, '2022-06-20'),
  (955, 97, 1, 234000, '2020-12-22'),
  (956, 114, 1, 205000, '2020-12-26'),
  (957, 57, 1, 339000, '2021-03-06'),
  (958, 49, 12, 59000, '2025-06-24'),
  (959, 129, 10, 31376000, '2021-01-27'),
  (960, 41, 7, 7379000, '2024-10-15'),
  (961, 171, 11, 60502000, '2025-06-06'),
  (962, 90, 1, 463000, '2022-11-07'),
  (963, 142, 2, 9872000, '2022-12-12'),
  (964, 58, 1, 210000, '2025-01-06'),
  (965, 7, 7, 2185000, '2025-03-30'),
  (966, 124, 7, 2620000, '2021-04-16'),
  (967, 42, 3, 524000, '2022-10-15'),
  (968, 80, 3, 198000, '2020-06-17'),
  (969, 90, 1, 404000, '2020-03-19'),
  (970, 79, 1, 289000, '2023-05-22'),
  (971, 25, 10, 120661000, '2024-05-22'),
  (972, 134, 1, 1584000, '2024-01-21'),
  (973, 55, 10, 145412000, '2021-10-03'),
  (974, 105, 3, 164000, '2023-03-28'),
  (975, 140, 1, 56000, '2022-05-21'),
  (976, 65, 10, 40689000, '2025-03-03'),
  (977, 79, 7, 5010000, '2022-03-11'),
  (978, 36, 12, 60000, '2023-08-01'),
  (979, 15, 8, 63000, '2023-11-12'),
  (980, 64, 1, 452000, '2023-09-12'),
  (981, 140, 1, 172000, '2020-08-14'),
  (982, 145, 4, 382414000, '2021-09-26'),
  (983, 14, 7, 1335000, '2023-11-03'),
  (984, 135, 10, 24513000, '2022-12-12'),
  (985, 73, 1, 734000, '2024-12-09'),
  (986, 65, 3, 313000, '2021-01-02'),
  (987, 81, 1, 634000, '2024-11-17'),
  (988, 96, 9, 18000, '2022-04-22'),
  (989, 15, 7, 1949000, '2021-06-01'),
  (990, 172, 3, 659000, '2024-03-07'),
  (991, 140, 2, 45874000, '2022-08-08'),
  (992, 32, 10, 131237000, '2024-09-19'),
  (993, 76, 1, 136000, '2022-12-30'),
  (994, 39, 2, 25685000, '2025-01-02'),
  (995, 15, 7, 2658000, '2023-05-10'),
  (996, 46, 1, 70000, '2020-02-02'),
  (997, 29, 10, 239814000, '2024-08-27'),
  (998, 5, 1, 83000, '2023-01-14'),
  (999, 131, 1, 1665000, '2022-04-03'),
  (1000, 129, 3, 279000, '2020-05-17'),
  (1001, 60, 1, 99000, '2025-05-18'),
  (1002, 125, 1, 369000, '2023-07-25'),
  (1003, 173, 7, 10633000, '2024-02-28'),
  (1004, 134, 1, 745000, '2022-05-27'),
  (1005, 113, 1, 980000, '2021-02-22'),
  (1006, 6, 1, 568000, '2023-08-11'),
  (1007, 105, 11, 246176000, '2021-11-09'),
  (1008, 4, 7, 9971000, '2022-02-20'),
  (1009, 174, 1, 126000, '2020-10-16'),
  (1010, 114, 1, 304000, '2020-06-09'),
  (1011, 128, 1, 113000, '2022-07-07'),
  (1012, 97, 7, 14507000, '2022-05-15'),
  (1013, 9, 10, 257828000, '2022-05-25'),
  (1014, 65, 7, 1113000, '2020-12-25'),
  (1015, 141, 7, 6758000, '2022-09-11'),
  (1016, 107, 4, 574676000, '2024-02-04'),
  (1017, 67, 1, 97000, '2023-04-19'),
  (1018, 92, 1, 406000, '2024-04-11'),
  (1019, 43, 2, 63289000, '2023-08-26'),
  (1020, 32, 2, 5493000, '2023-08-14'),
  (1021, 144, 7, 6610000, '2025-05-03'),
  (1022, 36, 9, 12000, '2024-11-29'),
  (1023, 72, 7, 12223000, '2024-02-12'),
  (1024, 47, 10, 277385000, '2021-07-04'),
  (1025, 148, 1, 1628000, '2024-05-03'),
  (1026, 127, 1, 288000, '2020-10-02'),
  (1027, 70, 1, 1202000, '2020-04-30'),
  (1028, 21, 1, 1127000, '2023-07-27'),
  (1029, 124, 8, 42000, '2021-04-25'),
  (1030, 175, 10, 188760000, '2020-03-26'),
  (1031, 148, 7, 1105000, '2021-11-21'),
  (1032, 88, 2, 26119000, '2022-02-14'),
  (1033, 79, 2, 9461000, '2024-12-23'),
  (1034, 28, 3, 132000, '2023-06-20'),
  (1035, 176, 2, 6189000, '2024-11-23'),
  (1036, 71, 2, 34466000, '2024-06-14'),
  (1037, 3, 2, 12830000, '2021-08-24'),
  (1038, 13, 10, 142371000, '2021-09-09'),
  (1039, 77, 1, 64000, '2021-03-09'),
  (1040, 47, 1, 160000, '2025-03-17'),
  (1041, 24, 12, 366000, '2023-10-05'),
  (1042, 73, 9, 53000, '2024-04-18'),
  (1043, 52, 10, 47415000, '2021-04-02'),
  (1044, 47, 2, 28354000, '2025-04-03'),
  (1045, 45, 11, 384546000, '2025-05-07'),
  (1046, 113, 1, 485000, '2022-01-17'),
  (1047, 85, 1, 118000, '2024-07-29'),
  (1048, 60, 7, 1068000, '2020-10-25'),
  (1049, 109, 5, 22303000, '2023-12-17'),
  (1050, 33, 1, 54000, '2024-01-07'),
  (1051, 112, 9, 69000, '2024-05-08'),
  (1052, 106, 5, 2677000, '2023-01-27'),
  (1053, 43, 2, 67565000, '2021-08-01'),
  (1054, 68, 4, 411602000, '2020-04-20'),
  (1055, 6, 9, 99000, '2021-03-05'),
  (1056, 128, 1, 182000, '2024-05-27'),
  (1057, 41, 3, 585000, '2022-08-28'),
  (1058, 1, 7, 2970000, '2025-06-09'),
  (1059, 59, 7, 3668000, '2023-11-09'),
  (1060, 46, 10, 109404000, '2024-11-06'),
  (1061, 140, 2, 56361000, '2025-02-03'),
  (1062, 145, 1, 1886000, '2022-09-18'),
  (1063, 177, 3, 587000, '2023-12-06'),
  (1064, 178, 2, 15923000, '2024-06-06'),
  (1065, 1, 7, 3130000, '2024-06-27'),
  (1066, 40, 7, 7370000, '2024-10-09'),
  (1067, 28, 12, 121000, '2023-09-09'),
  (1068, 82, 7, 1349000, '2023-03-27'),
  (1069, 38, 2, 13365000, '2020-04-01'),
  (1070, 135, 7, 2177000, '2021-03-18'),
  (1071, 17, 1, 149000, '2023-08-23'),
  (1072, 124, 7, 1883000, '2020-05-24'),
  (1073, 29, 7, 1121000, '2022-05-09'),
  (1074, 138, 1, 53000, '2022-12-24'),
  (1075, 21, 3, 972000, '2021-11-14'),
  (1076, 112, 3, 268000, '2025-06-07'),
  (1077, 15, 7, 2831000, '2024-11-28'),
  (1078, 73, 1, 613000, '2020-07-21'),
  (1079, 125, 7, 1806000, '2024-12-11'),
  (1080, 140, 1, 1663000, '2023-03-08'),
  (1081, 49, 3, 611000, '2022-07-26'),
  (1082, 38, 12, 70000, '2022-12-02'),
  (1083, 47, 11, 130783000, '2023-07-23'),
  (1084, 44, 2, 57218000, '2023-02-08'),
  (1085, 17, 7, 12915000, '2022-11-20'),
  (1086, 179, 2, 18272000, '2024-03-15'),
  (1087, 56, 2, 27390000, '2024-12-11'),
  (1088, 20, 3, 147000, '2020-04-14'),
  (1089, 137, 11, 489935000, '2024-10-22'),
  (1090, 63, 3, 170000, '2025-03-05'),
  (1091, 92, 3, 876000, '2023-06-14'),
  (1092, 148, 3, 446000, '2020-07-26'),
  (1093, 9, 10, 103701000, '2021-05-27'),
  (1094, 142, 10, 80168000, '2020-08-10'),
  (1095, 93, 6, 170086000, '2023-12-23'),
  (1096, 180, 9, 8000, '2020-11-24'),
  (1097, 99, 10, 36336000, '2024-01-02'),
  (1098, 58, 1, 99000, '2020-08-08'),
  (1099, 117, 1, 887000, '2024-08-26'),
  (1100, 140, 1, 182000, '2022-05-28');

-- ============================================================
-- INSERT: RoundInvestor table (junction table)
-- ============================================================
INSERT INTO RoundInvestor (round_id, investor_id) VALUES
  (1, 1),
  (2, 2),
  (3, 3),
  (3, 4),
  (4, 5),
  (4, 6),
  (5, 7),
  (6, 8),
  (6, 4),
  (7, 9),
  (8, 10),
  (9, 11),
  (9, 12),
  (9, 9),
  (10, 13),
  (10, 14),
  (10, 15),
  (11, 2),
  (11, 5),
  (11, 4),
  (12, 16),
  (12, 4),
  (13, 17),
  (13, 14),
  (13, 18),
  (14, 16),
  (15, 6),
  (16, 11),
  (16, 16),
  (16, 19),
  (17, 10),
  (17, 17),
  (18, 20),
  (19, 21),
  (20, 20),
  (21, 15),
  (22, 20),
  (22, 7),
  (22, 2),
  (23, 9),
  (24, 2),
  (24, 8),
  (24, 22),
  (25, 6),
  (25, 22),
  (26, 9),
  (27, 2),
  (28, 12),
  (29, 15),
  (30, 23),
  (30, 19),
  (30, 21),
  (31, 11),
  (31, 12),
  (32, 11),
  (32, 24),
  (33, 25),
  (33, 1),
  (34, 19),
  (34, 21),
  (35, 24),
  (36, 12),
  (36, 1),
  (37, 7),
  (38, 11),
  (38, 16),
  (38, 14),
  (39, 10),
  (39, 25),
  (40, 17),
  (40, 21),
  (41, 20),
  (41, 3),
  (42, 13),
  (42, 15),
  (43, 24),
  (43, 6),
  (44, 23),
  (44, 13),
  (45, 12),
  (45, 22),
  (46, 20),
  (47, 25),
  (48, 11),
  (48, 24),
  (49, 21),
  (50, 8),
  (50, 26),
  (50, 6),
  (51, 11),
  (52, 17),
  (52, 12),
  (52, 8),
  (53, 16),
  (53, 14),
  (53, 6),
  (54, 25),
  (54, 12),
  (55, 2),
  (55, 8),
  (56, 19),
  (56, 14),
  (57, 17),
  (58, 11),
  (58, 8),
  (59, 17),
  (59, 19),
  (60, 12),
  (60, 14),
  (61, 4),
  (61, 19),
  (62, 20),
  (62, 17),
  (63, 17),
  (64, 20),
  (64, 24),
  (65, 20),
  (65, 15),
  (66, 20),
  (66, 4),
  (67, 7),
  (68, 26),
  (68, 21),
  (69, 8),
  (70, 17),
  (70, 8),
  (71, 7),
  (71, 1),
  (71, 26),
  (72, 15),
  (73, 25),
  (74, 20),
  (74, 13),
  (75, 1),
  (76, 13),
  (77, 13),
  (77, 9),
  (78, 17),
  (78, 12),
  (79, 3),
  (80, 16),
  (81, 4),
  (82, 7),
  (82, 12),
  (83, 25),
  (84, 5),
  (84, 12),
  (85, 16),
  (85, 2),
  (86, 22),
  (87, 25),
  (88, 9),
  (89, 23),
  (89, 9),
  (89, 6),
  (90, 2),
  (91, 2),
  (91, 9),
  (92, 20),
  (92, 19),
  (92, 14),
  (93, 21),
  (93, 15),
  (94, 20),
  (94, 10),
  (94, 12),
  (95, 6),
  (96, 2),
  (96, 21),
  (97, 8),
  (97, 24),
  (98, 9),
  (99, 9),
  (100, 24),
  (101, 23),
  (101, 22),
  (102, 3),
  (102, 19),
  (102, 18),
  (103, 26),
  (104, 2),
  (104, 6),
  (105, 17),
  (105, 9),
  (106, 12),
  (106, 9),
  (107, 18),
  (107, 6),
  (108, 2),
  (108, 24),
  (109, 5),
  (109, 3),
  (109, 4),
  (110, 5),
  (111, 20),
  (111, 10),
  (111, 5),
  (112, 2),
  (113, 15),
  (114, 7),
  (114, 26),
  (114, 24),
  (115, 1),
  (116, 9),
  (117, 26),
  (118, 20),
  (118, 15),
  (119, 7),
  (119, 15),
  (120, 20),
  (120, 25),
  (121, 17),
  (122, 20),
  (122, 12),
  (123, 12),
  (123, 14),
  (124, 20),
  (125, 26),
  (126, 9),
  (127, 2),
  (128, 9),
  (128, 22),
  (129, 23),
  (129, 18),
  (129, 6),
  (130, 20),
  (130, 16),
  (130, 9),
  (131, 2),
  (131, 26),
  (132, 25),
  (132, 13),
  (133, 13),
  (133, 19),
  (134, 18),
  (135, 6),
  (136, 23),
  (136, 24),
  (136, 15),
  (137, 9),
  (138, 20),
  (139, 18),
  (140, 7),
  (140, 1),
  (141, 1),
  (142, 11),
  (142, 13),
  (143, 25),
  (143, 13),
  (143, 14),
  (144, 14),
  (145, 26),
  (146, 25),
  (146, 23),
  (146, 22),
  (147, 22),
  (148, 16),
  (148, 9),
  (149, 21),
  (149, 15),
  (150, 3),
  (150, 26),
  (150, 9),
  (151, 5),
  (151, 26),
  (151, 4),
  (152, 20),
  (152, 23),
  (152, 9),
  (153, 14),
  (154, 16),
  (155, 10),
  (156, 17),
  (156, 25),
  (156, 8),
  (157, 19),
  (158, 22),
  (159, 17),
  (159, 2),
  (159, 22),
  (160, 4),
  (161, 8),
  (162, 7),
  (163, 23),
  (163, 26),
  (164, 20),
  (164, 16),
  (165, 20),
  (165, 25),
  (166, 12),
  (167, 10),
  (167, 19),
  (168, 2),
  (168, 24),
  (169, 8),
  (170, 21),
  (170, 14),
  (171, 7),
  (171, 17),
  (171, 25),
  (172, 13),
  (172, 24),
  (173, 25),
  (174, 4),
  (175, 11),
  (176, 10),
  (176, 25),
  (177, 4),
  (177, 15),
  (177, 9),
  (178, 25),
  (178, 19),
  (179, 3),
  (179, 24),
  (180, 5),
  (181, 7),
  (181, 3),
  (182, 25),
  (183, 17),
  (184, 3),
  (185, 13),
  (186, 5),
  (186, 13),
  (187, 2),
  (187, 14),
  (188, 16),
  (189, 4),
  (190, 26),
  (191, 10),
  (192, 7),
  (192, 1),
  (192, 8),
  (193, 13),
  (194, 1),
  (194, 26),
  (195, 11),
  (195, 14),
  (196, 17),
  (197, 10),
  (197, 12),
  (198, 20),
  (199, 13),
  (200, 5),
  (200, 15),
  (200, 6),
  (201, 5),
  (202, 5),
  (203, 15),
  (204, 14),
  (205, 16),
  (205, 12),
  (206, 7),
  (206, 26),
  (207, 26),
  (208, 22),
  (209, 3),
  (209, 19),
  (210, 1),
  (210, 3),
  (210, 15),
  (211, 23),
  (211, 14),
  (212, 17),
  (213, 11),
  (213, 13),
  (214, 4),
  (214, 22),
  (215, 1),
  (215, 8),
  (215, 13),
  (216, 8),
  (216, 15),
  (217, 13),
  (217, 3),
  (217, 19),
  (218, 17),
  (219, 23),
  (220, 10),
  (220, 18),
  (221, 17),
  (222, 10),
  (223, 11),
  (224, 20),
  (225, 8),
  (226, 8),
  (227, 10),
  (228, 6),
  (229, 5),
  (230, 20),
  (230, 2),
  (231, 23),
  (231, 1),
  (232, 20),
  (232, 16),
  (232, 26),
  (233, 19),
  (233, 14),
  (234, 14),
  (234, 15),
  (235, 18),
  (236, 2),
  (236, 3),
  (237, 22),
  (238, 8),
  (239, 2),
  (239, 18),
  (240, 12),
  (240, 26),
  (241, 18),
  (242, 2),
  (242, 8),
  (242, 22),
  (243, 25),
  (243, 23),
  (243, 21),
  (244, 3),
  (244, 6),
  (245, 11),
  (246, 20),
  (246, 25),
  (246, 6),
  (247, 10),
  (248, 4),
  (249, 5),
  (250, 14),
  (251, 14),
  (251, 18),
  (252, 24),
  (253, 13),
  (254, 10),
  (255, 4),
  (256, 15),
  (257, 23),
  (257, 4),
  (257, 19),
  (258, 16),
  (258, 12),
  (259, 20),
  (260, 22),
  (261, 2),
  (261, 1),
  (261, 19),
  (262, 12),
  (263, 23),
  (264, 19),
  (265, 24),
  (266, 11),
  (267, 16),
  (267, 12),
  (267, 9),
  (268, 4),
  (268, 18),
  (269, 11),
  (269, 1),
  (270, 7),
  (271, 10),
  (271, 5),
  (271, 6),
  (272, 3),
  (273, 6),
  (274, 5),
  (275, 10),
  (275, 8),
  (276, 7),
  (276, 6),
  (277, 17),
  (278, 3),
  (278, 14),
  (278, 9),
  (279, 11),
  (279, 8),
  (279, 13),
  (280, 26),
  (281, 7),
  (281, 22),
  (282, 8),
  (283, 16),
  (283, 26),
  (284, 20),
  (285, 21),
  (285, 14),
  (285, 9),
  (286, 11),
  (286, 16),
  (286, 26),
  (287, 9),
  (288, 6),
  (289, 17),
  (289, 12),
  (289, 14),
  (290, 10),
  (290, 8),
  (291, 5),
  (291, 18),
  (292, 18),
  (293, 25),
  (294, 5),
  (295, 17),
  (295, 12),
  (295, 26),
  (296, 12),
  (297, 12),
  (297, 21),
  (298, 22),
  (299, 16),
  (299, 9),
  (300, 24),
  (300, 18),
  (301, 11),
  (301, 7),
  (302, 11),
  (303, 18),
  (304, 25),
  (305, 12),
  (305, 21),
  (305, 6),
  (306, 11),
  (307, 19),
  (307, 9),
  (308, 2),
  (308, 8),
  (308, 3),
  (309, 25),
  (309, 5),
  (309, 8),
  (310, 25),
  (311, 19),
  (311, 15),
  (311, 6),
  (312, 14),
  (313, 4),
  (313, 24),
  (314, 2),
  (315, 6),
  (316, 25),
  (317, 26),
  (318, 12),
  (318, 13),
  (319, 3),
  (320, 25),
  (320, 21),
  (321, 25),
  (321, 23),
  (321, 1),
  (322, 7),
  (323, 17),
  (323, 4),
  (324, 18),
  (325, 13),
  (326, 11),
  (326, 2),
  (327, 24),
  (328, 16),
  (328, 21),
  (329, 17),
  (329, 21),
  (330, 21),
  (330, 18),
  (331, 3),
  (331, 26),
  (332, 12),
  (333, 8),
  (333, 18),
  (333, 6),
  (334, 12),
  (334, 15),
  (335, 10),
  (336, 15),
  (337, 11),
  (338, 16),
  (338, 6),
  (339, 13),
  (339, 15),
  (340, 1),
  (341, 7),
  (341, 9),
  (342, 2),
  (342, 4),
  (342, 24),
  (343, 13),
  (343, 15),
  (344, 12),
  (344, 6),
  (345, 25),
  (346, 14),
  (347, 25),
  (348, 2),
  (349, 3),
  (350, 24),
  (351, 7),
  (352, 19),
  (353, 25),
  (353, 23),
  (353, 3),
  (354, 5),
  (354, 19),
  (354, 24),
  (355, 24),
  (356, 6),
  (357, 7),
  (357, 9),
  (358, 17),
  (358, 14),
  (359, 26),
  (359, 6),
  (360, 23),
  (360, 22),
  (361, 10),
  (362, 4),
  (363, 20),
  (364, 23),
  (365, 12),
  (365, 3),
  (366, 20),
  (366, 5),
  (366, 4),
  (367, 10),
  (367, 4),
  (367, 21),
  (368, 3),
  (369, 26),
  (369, 24),
  (370, 6),
  (371, 12),
  (372, 2),
  (372, 9),
  (373, 19),
  (373, 21),
  (374, 4),
  (375, 4),
  (375, 9),
  (376, 26),
  (377, 11),
  (377, 4),
  (378, 3),
  (378, 6),
  (379, 1),
  (380, 13),
  (380, 19),
  (381, 25),
  (381, 6),
  (382, 15),
  (382, 18),
  (383, 1),
  (383, 15),
  (384, 17),
  (384, 5),
  (385, 10),
  (385, 9),
  (386, 25),
  (386, 21),
  (386, 9),
  (387, 17),
  (387, 14),
  (388, 5),
  (389, 2),
  (390, 10),
  (391, 19),
  (392, 22),
  (393, 9),
  (394, 10),
  (394, 21),
  (395, 22),
  (396, 2),
  (396, 24),
  (397, 12),
  (398, 26),
  (398, 24),
  (398, 6),
  (399, 18),
  (400, 7),
  (400, 1),
  (401, 2),
  (402, 26),
  (403, 25),
  (404, 16),
  (405, 15),
  (405, 9),
  (406, 23),
  (407, 23),
  (408, 12),
  (408, 19),
  (408, 21),
  (409, 20),
  (409, 10),
  (409, 2),
  (410, 19),
  (411, 8),
  (412, 26),
  (412, 21),
  (413, 2),
  (414, 2),
  (414, 3),
  (415, 25),
  (416, 3),
  (417, 1),
  (417, 6),
  (418, 2),
  (418, 1),
  (418, 18),
  (419, 17),
  (420, 23),
  (420, 9),
  (421, 1),
  (421, 24),
  (422, 2),
  (422, 21),
  (422, 24),
  (423, 21),
  (424, 13),
  (425, 19),
  (426, 12),
  (426, 3),
  (427, 22),
  (428, 19),
  (429, 3),
  (429, 19),
  (430, 21),
  (431, 2),
  (432, 24),
  (433, 8),
  (433, 18),
  (434, 22),
  (435, 9),
  (436, 6),
  (437, 23),
  (438, 16),
  (438, 2),
  (438, 18),
  (439, 20),
  (439, 19),
  (440, 23),
  (440, 26),
  (441, 14),
  (442, 11),
  (442, 25),
  (443, 20),
  (443, 5),
  (443, 21),
  (444, 23),
  (445, 22),
  (446, 20),
  (446, 25),
  (446, 19),
  (447, 20),
  (447, 23),
  (447, 13),
  (448, 1),
  (448, 22),
  (449, 7),
  (449, 25),
  (449, 26),
  (450, 4),
  (450, 22),
  (451, 20),
  (452, 17),
  (453, 11),
  (453, 16),
  (453, 22),
  (454, 17),
  (454, 19),
  (454, 14),
  (455, 11),
  (456, 16),
  (457, 9),
  (458, 22),
  (459, 11),
  (459, 7),
  (459, 8),
  (460, 11),
  (460, 24),
  (460, 14),
  (461, 11),
  (461, 21),
  (461, 18),
  (462, 10),
  (463, 11),
  (464, 15),
  (465, 11),
  (465, 7),
  (466, 16),
  (467, 1),
  (468, 16),
  (468, 9),
  (469, 8),
  (469, 15),
  (470, 24),
  (471, 16),
  (471, 1),
  (471, 4),
  (472, 19),
  (473, 2),
  (473, 22),
  (474, 20),
  (475, 23),
  (476, 16),
  (476, 19),
  (477, 6),
  (478, 6),
  (478, 22),
  (479, 7),
  (479, 2),
  (480, 4),
  (480, 21),
  (480, 24),
  (481, 17),
  (482, 1),
  (482, 22),
  (483, 17),
  (484, 6),
  (485, 21),
  (486, 4),
  (487, 17),
  (487, 21),
  (487, 6),
  (488, 20),
  (488, 21),
  (489, 24),
  (489, 15),
  (490, 1),
  (490, 24),
  (491, 5),
  (492, 16),
  (493, 11),
  (493, 10),
  (494, 15),
  (495, 5),
  (496, 8),
  (496, 22),
  (497, 16),
  (498, 7),
  (498, 23),
  (499, 10),
  (499, 17),
  (499, 3),
  (500, 13),
  (501, 11),
  (502, 23),
  (503, 1),
  (503, 4),
  (503, 22),
  (504, 10),
  (504, 22),
  (505, 6),
  (506, 23),
  (506, 26),
  (507, 23),
  (508, 25),
  (508, 4),
  (509, 11),
  (509, 25),
  (509, 8),
  (510, 8),
  (510, 24),
  (511, 20),
  (511, 7),
  (511, 5),
  (512, 17),
  (512, 19),
  (513, 13),
  (513, 9),
  (514, 18),
  (515, 7),
  (516, 13),
  (517, 26),
  (517, 9),
  (517, 6),
  (518, 1),
  (519, 10),
  (519, 24),
  (520, 16),
  (520, 5),
  (520, 26),
  (521, 9),
  (521, 6),
  (522, 5),
  (523, 2),
  (523, 4),
  (524, 4),
  (525, 21),
  (525, 9),
  (526, 8),
  (527, 13),
  (528, 13),
  (529, 22),
  (530, 2),
  (530, 13),
  (530, 24),
  (531, 2),
  (531, 13),
  (532, 11),
  (532, 13),
  (533, 16),
  (533, 24),
  (533, 14),
  (534, 11),
  (535, 5),
  (536, 19),
  (536, 22),
  (537, 7),
  (537, 10),
  (537, 3),
  (538, 20),
  (538, 15),
  (539, 25),
  (540, 2),
  (541, 6),
  (542, 17),
  (542, 21),
  (543, 2),
  (543, 15),
  (544, 17),
  (544, 8),
  (544, 21),
  (545, 10),
  (545, 2),
  (546, 20),
  (547, 8),
  (548, 3),
  (548, 21),
  (549, 2),
  (549, 13),
  (550, 11),
  (550, 16),
  (550, 21),
  (551, 6),
  (552, 14),
  (553, 7),
  (553, 26),
  (554, 12),
  (555, 23),
  (555, 18),
  (556, 10),
  (557, 13),
  (557, 14),
  (558, 3),
  (559, 5),
  (559, 1),
  (560, 15),
  (561, 3),
  (561, 22),
  (562, 16),
  (563, 18),
  (564, 20),
  (564, 1),
  (564, 21),
  (565, 24),
  (566, 7),
  (567, 10),
  (567, 15),
  (567, 6),
  (568, 7),
  (569, 23),
  (569, 13),
  (569, 3),
  (570, 10),
  (570, 6),
  (571, 25),
  (572, 10),
  (572, 6),
  (573, 19),
  (574, 5),
  (575, 10),
  (576, 16),
  (576, 19),
  (577, 20),
  (577, 23),
  (577, 13),
  (578, 8),
  (578, 15),
  (579, 20),
  (579, 12),
  (580, 11),
  (581, 10),
  (581, 2),
  (581, 19),
  (582, 23),
  (582, 4),
  (583, 11),
  (583, 8),
  (584, 24),
  (585, 2),
  (586, 10),
  (586, 24),
  (587, 8),
  (588, 20),
  (588, 13),
  (588, 14),
  (589, 21),
  (589, 24),
  (590, 3),
  (590, 4),
  (591, 16),
  (591, 15),
  (592, 19),
  (593, 17),
  (593, 5),
  (594, 5),
  (595, 1),
  (595, 21),
  (596, 20),
  (597, 7),
  (597, 19),
  (598, 1),
  (599, 2),
  (599, 4),
  (600, 1),
  (601, 12),
  (602, 17),
  (603, 2),
  (603, 19),
  (604, 20),
  (604, 9),
  (605, 11),
  (605, 12),
  (606, 24),
  (607, 5),
  (607, 8),
  (607, 9),
  (608, 20),
  (608, 19),
  (609, 25),
  (610, 26),
  (611, 19),
  (612, 12),
  (613, 7),
  (613, 17),
  (613, 4),
  (614, 8),
  (615, 12),
  (615, 6),
  (616, 4),
  (617, 2),
  (617, 13),
  (618, 5),
  (618, 12),
  (618, 22),
  (619, 16),
  (619, 9),
  (620, 10),
  (621, 26),
  (622, 20),
  (622, 16),
  (623, 25),
  (623, 24),
  (624, 7),
  (624, 12),
  (624, 3),
  (625, 12),
  (625, 9),
  (626, 10),
  (626, 2),
  (626, 3),
  (627, 10),
  (627, 17),
  (628, 11),
  (628, 24),
  (629, 26),
  (630, 15),
  (631, 17),
  (631, 22),
  (632, 17),
  (632, 12),
  (632, 19),
  (633, 14),
  (634, 3),
  (635, 20),
  (636, 25),
  (637, 12),
  (637, 13),
  (638, 24),
  (639, 15),
  (639, 6),
  (640, 17),
  (641, 4),
  (641, 22),
  (642, 13),
  (643, 11),
  (643, 16),
  (643, 15),
  (644, 15),
  (645, 11),
  (646, 20),
  (646, 2),
  (647, 7),
  (648, 10),
  (648, 14),
  (649, 22),
  (650, 24),
  (651, 16),
  (652, 17),
  (653, 24),
  (654, 11),
  (654, 7),
  (654, 10),
  (655, 20),
  (655, 15),
  (655, 6),
  (656, 22),
  (657, 25),
  (657, 13),
  (657, 19),
  (658, 8),
  (658, 6),
  (659, 13),
  (660, 20),
  (660, 3),
  (661, 5),
  (661, 21),
  (662, 25),
  (662, 9),
  (663, 20),
  (663, 22),
  (664, 26),
  (665, 23),
  (666, 25),
  (666, 21),
  (667, 23),
  (668, 2),
  (669, 20),
  (670, 11),
  (670, 6),
  (671, 22),
  (672, 12),
  (672, 13),
  (672, 24),
  (673, 12),
  (673, 23),
  (674, 5),
  (674, 1),
  (675, 12),
  (676, 13),
  (676, 6),
  (677, 13),
  (678, 20),
  (678, 4),
  (678, 21),
  (679, 11),
  (679, 14),
  (680, 12),
  (680, 18),
  (681, 21),
  (681, 9),
  (681, 22),
  (682, 17),
  (683, 19),
  (684, 10),
  (684, 16),
  (685, 5),
  (685, 18),
  (686, 15),
  (687, 17),
  (687, 18),
  (688, 2),
  (688, 24),
  (689, 4),
  (690, 8),
  (691, 16),
  (692, 20),
  (692, 25),
  (693, 4),
  (694, 6),
  (695, 21),
  (696, 17),
  (697, 25),
  (698, 11),
  (699, 15),
  (700, 19),
  (701, 5),
  (701, 13),
  (702, 16),
  (702, 3),
  (703, 20),
  (703, 16),
  (703, 4),
  (704, 17),
  (704, 19),
  (705, 10),
  (705, 25),
  (705, 24),
  (706, 13),
  (706, 21),
  (707, 7),
  (707, 3),
  (707, 15),
  (708, 24),
  (709, 10),
  (709, 3),
  (709, 15),
  (710, 15),
  (710, 22),
  (711, 25),
  (712, 18),
  (713, 10),
  (713, 6),
  (714, 7),
  (714, 26),
  (714, 24),
  (715, 5),
  (715, 23),
  (715, 21),
  (716, 4),
  (717, 6),
  (718, 2),
  (719, 7),
  (720, 25),
  (721, 7),
  (721, 10),
  (722, 26),
  (722, 14),
  (723, 18),
  (724, 3),
  (724, 4),
  (725, 9),
  (726, 10),
  (726, 25),
  (727, 23),
  (727, 26),
  (728, 13),
  (729, 23),
  (730, 16),
  (730, 24),
  (730, 18),
  (731, 12),
  (731, 18),
  (732, 24),
  (733, 13),
  (733, 3),
  (734, 23),
  (734, 14),
  (734, 15),
  (735, 7),
  (736, 23),
  (737, 10),
  (738, 11),
  (739, 14),
  (740, 16),
  (740, 13),
  (741, 19),
  (741, 6),
  (742, 17),
  (743, 1),
  (743, 3),
  (744, 24),
  (744, 18),
  (745, 21),
  (745, 14),
  (746, 17),
  (746, 3),
  (747, 7),
  (748, 12),
  (748, 4),
  (749, 11),
  (750, 19),
  (751, 5),
  (752, 9),
  (753, 7),
  (753, 19),
  (754, 11),
  (754, 5),
  (754, 14),
  (755, 7),
  (755, 16),
  (756, 9),
  (757, 6),
  (758, 5),
  (758, 18),
  (759, 22),
  (760, 15),
  (760, 9),
  (761, 12),
  (761, 18),
  (762, 22),
  (763, 10),
  (764, 5),
  (765, 15),
  (765, 9),
  (766, 19),
  (766, 9),
  (766, 22),
  (767, 14),
  (768, 15),
  (769, 20),
  (769, 10),
  (769, 18),
  (770, 16),
  (770, 6),
  (771, 23),
  (772, 7),
  (773, 13),
  (774, 10),
  (775, 19),
  (776, 20),
  (776, 24),
  (776, 18),
  (777, 13),
  (777, 26),
  (778, 23),
  (779, 4),
  (779, 6),
  (780, 20),
  (781, 12),
  (781, 24),
  (782, 25),
  (783, 20),
  (783, 9),
  (784, 11),
  (785, 26),
  (785, 14),
  (786, 2),
  (787, 20),
  (787, 25),
  (787, 19),
  (788, 15),
  (789, 13),
  (789, 18),
  (790, 4),
  (790, 9),
  (791, 21),
  (792, 6),
  (793, 7),
  (793, 18),
  (794, 11),
  (794, 4),
  (795, 25),
  (795, 24),
  (796, 11),
  (796, 5),
  (796, 18),
  (797, 16),
  (798, 14),
  (799, 26),
  (799, 21),
  (799, 18),
  (800, 8),
  (801, 16),
  (802, 24),
  (803, 22),
  (804, 26),
  (804, 14),
  (804, 6),
  (805, 17),
  (806, 26),
  (807, 21),
  (808, 5),
  (809, 11),
  (809, 2),
  (809, 12),
  (810, 2),
  (810, 22),
  (811, 3),
  (812, 21),
  (813, 5),
  (814, 13),
  (815, 7),
  (816, 14),
  (817, 5),
  (817, 23),
  (817, 22),
  (818, 4),
  (818, 22),
  (819, 14),
  (820, 1),
  (821, 25),
  (821, 4),
  (821, 14),
  (822, 24),
  (823, 21),
  (824, 5),
  (824, 23),
  (825, 17),
  (826, 2),
  (826, 5),
  (826, 24),
  (827, 22),
  (828, 25),
  (828, 18),
  (829, 5),
  (829, 3),
  (829, 21),
  (830, 2),
  (830, 19),
  (830, 18),
  (831, 7),
  (831, 22),
  (832, 1),
  (832, 4),
  (833, 5),
  (834, 24),
  (835, 10),
  (836, 1),
  (836, 22),
  (837, 21),
  (838, 2),
  (839, 20),
  (840, 26),
  (840, 9),
  (840, 18),
  (841, 11),
  (841, 9),
  (841, 6),
  (842, 14),
  (843, 13),
  (844, 16),
  (845, 10),
  (845, 25),
  (845, 21),
  (846, 23),
  (846, 13),
  (846, 3),
  (847, 20),
  (847, 2),
  (847, 3),
  (848, 26),
  (849, 23),
  (849, 19),
  (850, 22),
  (851, 26),
  (852, 7),
  (852, 23),
  (852, 3),
  (853, 4),
  (853, 15),
  (853, 6),
  (854, 5),
  (855, 23),
  (855, 18),
  (856, 11),
  (856, 13),
  (857, 25),
  (857, 14),
  (857, 15),
  (858, 20),
  (858, 13),
  (858, 21),
  (859, 22),
  (860, 16),
  (861, 26),
  (862, 5),
  (862, 15),
  (863, 9),
  (864, 16),
  (864, 24),
  (865, 13),
  (865, 26),
  (865, 9),
  (866, 3),
  (867, 21),
  (868, 5),
  (868, 3),
  (869, 2),
  (870, 2),
  (870, 25),
  (870, 5),
  (871, 16),
  (871, 5),
  (872, 11),
  (873, 12),
  (873, 24),
  (873, 6),
  (874, 23),
  (874, 14),
  (875, 13),
  (875, 21),
  (875, 6),
  (876, 10),
  (876, 13),
  (877, 9),
  (878, 24),
  (878, 15),
  (879, 8),
  (879, 14),
  (880, 20),
  (880, 2),
  (880, 26),
  (881, 2),
  (881, 26),
  (882, 1),
  (882, 3),
  (882, 6),
  (883, 10),
  (884, 24),
  (884, 18),
  (885, 19),
  (885, 6),
  (886, 23),
  (887, 20),
  (887, 4),
  (888, 19),
  (889, 2),
  (889, 12),
  (890, 5),
  (890, 23),
  (890, 21),
  (891, 20),
  (892, 1),
  (893, 8),
  (893, 26),
  (894, 8),
  (895, 25),
  (896, 11),
  (896, 3),
  (896, 6),
  (897, 20),
  (897, 12),
  (898, 20),
  (898, 1),
  (899, 19),
  (899, 9),
  (900, 16),
  (900, 25),
  (900, 9),
  (901, 4),
  (902, 17),
  (902, 16),
  (903, 7),
  (904, 22),
  (905, 11),
  (906, 21),
  (906, 18),
  (907, 5),
  (907, 8),
  (908, 12),
  (909, 11),
  (909, 15),
  (910, 9),
  (911, 5),
  (912, 8),
  (912, 14),
  (913, 18),
  (914, 10),
  (915, 6),
  (916, 13),
  (917, 5),
  (917, 13),
  (918, 8),
  (918, 19),
  (919, 7),
  (920, 25),
  (920, 24),
  (921, 17),
  (921, 8),
  (922, 15),
  (923, 12),
  (924, 25),
  (924, 8),
  (924, 9),
  (925, 23),
  (925, 26),
  (925, 24),
  (926, 7),
  (927, 6),
  (927, 22),
  (928, 25),
  (929, 21),
  (929, 22),
  (930, 12),
  (930, 1),
  (931, 19),
  (932, 4),
  (933, 26),
  (933, 19),
  (934, 5),
  (934, 22),
  (935, 17),
  (935, 5),
  (935, 1),
  (936, 9),
  (937, 14),
  (938, 26),
  (939, 22),
  (940, 25),
  (940, 3),
  (940, 9),
  (941, 26),
  (941, 15),
  (942, 5),
  (942, 21),
  (943, 2),
  (943, 21),
  (944, 20),
  (945, 16),
  (945, 13),
  (945, 6),
  (946, 14),
  (947, 3),
  (948, 8),
  (948, 3),
  (948, 22),
  (949, 7),
  (950, 11),
  (950, 14),
  (951, 13),
  (952, 13),
  (953, 24),
  (954, 21),
  (955, 23),
  (956, 23),
  (957, 25),
  (958, 2),
  (959, 6),
  (960, 17),
  (960, 3),
  (961, 23),
  (961, 1),
  (962, 21),
  (962, 18),
  (963, 13),
  (963, 4),
  (964, 25),
  (965, 8),
  (966, 16),
  (966, 15),
  (967, 17),
  (968, 22),
  (969, 1),
  (970, 9),
  (971, 4),
  (971, 22),
  (972, 1),
  (972, 8),
  (972, 26),
  (973, 25),
  (974, 17),
  (975, 19),
  (975, 18),
  (976, 3),
  (977, 5),
  (977, 1),
  (978, 20),
  (979, 10),
  (979, 13),
  (980, 15),
  (981, 16),
  (982, 19),
  (982, 22),
  (983, 17),
  (983, 24),
  (984, 23),
  (985, 6),
  (985, 22),
  (986, 25),
  (986, 18),
  (987, 17),
  (988, 3),
  (988, 6),
  (989, 16),
  (990, 2),
  (990, 5),
  (991, 20),
  (991, 25),
  (992, 10),
  (993, 20),
  (993, 5),
  (993, 18),
  (994, 16),
  (994, 25),
  (994, 15),
  (995, 15),
  (996, 24),
  (997, 10),
  (997, 5),
  (998, 3),
  (998, 4),
  (999, 25),
  (999, 5),
  (999, 14),
  (1000, 5),
  (1001, 26),
  (1002, 2),
  (1002, 13),
  (1002, 14),
  (1003, 16),
  (1004, 21),
  (1005, 26),
  (1005, 4),
  (1005, 24),
  (1006, 16),
  (1007, 8),
  (1008, 25),
  (1008, 14),
  (1009, 3),
  (1010, 12),
  (1010, 14),
  (1011, 2),
  (1011, 1),
  (1011, 13),
  (1012, 25),
  (1012, 26),
  (1013, 18),
  (1014, 6),
  (1015, 14),
  (1016, 5),
  (1016, 6),
  (1017, 5),
  (1018, 7),
  (1018, 4),
  (1019, 4),
  (1019, 18),
  (1020, 8),
  (1021, 7),
  (1021, 24),
  (1021, 22),
  (1022, 10),
  (1022, 25),
  (1023, 4),
  (1023, 18),
  (1024, 12),
  (1024, 1),
  (1024, 18),
  (1025, 17),
  (1025, 5),
  (1026, 13),
  (1027, 10),
  (1027, 8),
  (1027, 18),
  (1028, 20),
  (1029, 13),
  (1029, 18),
  (1030, 1),
  (1031, 25),
  (1031, 6),
  (1032, 15),
  (1032, 6),
  (1033, 24),
  (1034, 5),
  (1034, 13),
  (1034, 19),
  (1035, 9),
  (1036, 6),
  (1037, 1),
  (1037, 3),
  (1038, 13),
  (1038, 9),
  (1039, 18),
  (1040, 23),
  (1041, 19),
  (1042, 14),
  (1042, 15),
  (1043, 3),
  (1044, 18),
  (1045, 11),
  (1045, 24),
  (1046, 3),
  (1046, 4),
  (1046, 19),
  (1047, 22),
  (1048, 7),
  (1048, 12),
  (1048, 19),
  (1049, 13),
  (1049, 22),
  (1050, 2),
  (1051, 2),
  (1052, 19),
  (1052, 14),
  (1053, 11),
  (1053, 12),
  (1053, 23),
  (1054, 17),
  (1054, 26),
  (1054, 19),
  (1055, 7),
  (1056, 6),
  (1057, 4),
  (1058, 21),
  (1059, 4),
  (1059, 21),
  (1060, 25),
  (1060, 21),
  (1060, 6),
  (1061, 1),
  (1061, 26),
  (1062, 17),
  (1062, 12),
  (1062, 3),
  (1063, 5),
  (1064, 3),
  (1064, 9),
  (1064, 18),
  (1065, 3),
  (1066, 20),
  (1067, 8),
  (1068, 16),
  (1068, 12),
  (1069, 24),
  (1070, 3),
  (1070, 6),
  (1071, 5),
  (1072, 12),
  (1072, 9),
  (1072, 18),
  (1073, 14),
  (1074, 19),
  (1075, 3),
  (1076, 6),
  (1077, 26),
  (1078, 10),
  (1079, 13),
  (1079, 3),
  (1080, 23),
  (1080, 8),
  (1080, 21),
  (1081, 25),
  (1082, 17),
  (1082, 2),
  (1082, 22),
  (1083, 15),
  (1084, 24),
  (1084, 22),
  (1085, 12),
  (1085, 23),
  (1085, 9),
  (1086, 8),
  (1087, 10),
  (1087, 23),
  (1088, 10),
  (1088, 13),
  (1089, 17),
  (1090, 4),
  (1091, 14),
  (1091, 6),
  (1092, 20),
  (1092, 13),
  (1093, 13),
  (1094, 25),
  (1094, 19),
  (1095, 20),
  (1096, 1),
  (1096, 13),
  (1096, 19),
  (1097, 14),
  (1098, 3),
  (1099, 25),
  (1100, 21);

SET FOREIGN_KEY_CHECKS = 1;
